,Gravy,y
peptide_nm_1,-0.34564,0
peptide_nm_2,-0.00135,0
peptide_nm_3,-0.70502,0
peptide_nm_4,-0.47961,0
peptide_nm_5,-0.47374,0
peptide_nm_6,-0.93304,0
peptide_nm_7,0.75414,0
peptide_nm_8,0.10375,0
peptide_nm_9,0.2068,0
peptide_nm_10,-1.29488,0
peptide_nm_11,-0.65779,0
peptide_nm_12,-1.129,0
peptide_nm_13,-1.05371,0
peptide_nm_14,-0.09985,0
peptide_nm_15,-1.24607,0
peptide_nm_16,-0.11849,0
peptide_nm_17,-1.37911,0
peptide_nm_18,-0.70675,0
peptide_nm_19,0.00694,0
peptide_nm_20,-0.87755,0
peptide_nm_21,-0.47989,0
peptide_nm_22,-0.61489,0
peptide_nm_23,-0.84967,0
peptide_nm_24,0.49091,0
peptide_nm_25,-0.76933,0
peptide_nm_26,-0.63025,0
peptide_nm_27,0.17809,0
peptide_nm_28,-0.1107,0
peptide_nm_29,-1.02733,0
peptide_nm_30,-1.13274,0
peptide_nm_31,-0.71498,0
peptide_nm_32,-0.93212,0
peptide_nm_33,-0.05214,0
peptide_nm_34,0.54347,0
peptide_nm_35,-0.39383,0
peptide_nm_36,-0.01193,0
peptide_nm_37,-1.36746,0
peptide_nm_38,-0.94612,0
peptide_nm_39,0.63661,0
peptide_nm_40,-0.96467,0
peptide_nm_41,-0.3863,0
peptide_nm_43,0.00458,0
peptide_nm_44,0.05226,0
peptide_nm_45,-0.80892,0
peptide_nm_46,-1.53961,0
peptide_nm_47,-1.13675,0
peptide_nm_48,0.46476,0
peptide_nm_49,-0.9164,0
peptide_nm_50,-1.25094,0
peptide_nm_51,-0.79538,0
peptide_nm_52,-0.4227,0
peptide_nm_53,-0.44586,0
peptide_nm_54,-0.56605,0
peptide_nm_55,-0.4599,0
peptide_nm_56,-1.30939,0
peptide_nm_57,-1.2005,0
peptide_nm_58,-1.34052,0
peptide_nm_59,0.0201,0
peptide_nm_60,-1.04412,0
peptide_nm_61,-0.15621,0
peptide_nm_62,-0.08308,0
peptide_nm_63,-0.81375,0
peptide_nm_64,-1.04945,0
peptide_nm_65,-0.00284,0
peptide_nm_66,-0.91802,0
peptide_nm_67,-0.90215,0
peptide_nm_68,-0.72944,0
peptide_nm_69,-1.16424,0
peptide_nm_70,-0.61936,0
peptide_nm_71,0.97006,0
peptide_nm_72,0.22978,0
peptide_nm_73,-1.22888,0
peptide_nm_74,-0.50274,0
peptide_nm_75,-0.93427,0
peptide_nm_76,-1.51152,0
peptide_nm_77,-0.89313,0
peptide_nm_78,0.25033,0
peptide_nm_79,-1.47735,0
peptide_nm_80,-0.31785,0
peptide_nm_81,-1.13188,0
peptide_nm_82,-1.17921,0
peptide_nm_83,-1.23469,0
peptide_nm_84,-0.74977,0
peptide_nm_85,-0.21216,0
peptide_nm_86,0.41869,0
peptide_nm_87,-1.25786,0
peptide_nm_88,0.90798,0
peptide_nm_89,-0.57698,0
peptide_nm_90,-0.90427,0
peptide_nm_91,-1.26181,0
peptide_nm_92,-0.01403,0
peptide_nm_93,-0.53257,0
peptide_nm_94,-1.13238,0
peptide_nm_95,-0.9729,0
peptide_nm_96,-0.26193,0
peptide_nm_97,0.64401,0
peptide_nm_98,0.22441,0
peptide_nm_99,1.36467,0
peptide_nm_100,-0.18537,0
peptide_nm_101,-0.47179,0
peptide_nm_102,-0.20962,0
peptide_nm_103,-0.065,0
peptide_nm_104,0.40906,0
peptide_nm_105,-1.2214,0
peptide_nm_106,0.58816,0
peptide_nm_107,-1.00031,0
peptide_nm_108,-0.58748,0
peptide_nm_109,-0.26317,0
peptide_nm_110,-0.89217,0
peptide_nm_111,-1.42976,0
peptide_nm_112,-0.31726,0
peptide_nm_113,-1.2482,0
peptide_nm_114,-0.4364,0
peptide_nm_115,-0.80533,0
peptide_nm_116,-0.40685,0
peptide_nm_117,-0.19486,0
peptide_nm_118,-0.93413,0
peptide_nm_119,0.1699,0
peptide_nm_120,0.42978,0
peptide_nm_121,-0.54375,0
peptide_nm_122,-0.27581,0
peptide_nm_123,-0.87703,0
peptide_nm_124,-0.57943,0
peptide_nm_125,-0.62291,0
peptide_nm_126,-0.18497,0
peptide_nm_127,-0.50816,0
peptide_nm_128,-1.18697,0
peptide_nm_129,-1.32371,0
peptide_nm_130,-0.84417,0
peptide_nm_131,0.81251,0
peptide_nm_132,0.0125,0
peptide_nm_133,0.91351,0
peptide_nm_134,0.64006,0
peptide_nm_135,-0.29713,0
peptide_nm_136,0.21371,0
peptide_nm_137,-0.97135,0
peptide_nm_138,-0.02752,0
peptide_nm_139,-0.37912,0
peptide_nm_140,-0.49834,0
peptide_nm_141,-1.47945,0
peptide_nm_142,0.01787,0
peptide_nm_143,-1.14105,0
peptide_nm_144,-0.92577,0
peptide_nm_145,-0.71592,0
peptide_nm_146,-0.05955,0
peptide_nm_147,0.28166,0
peptide_nm_148,-0.77379,0
peptide_nm_149,-0.66905,0
peptide_nm_150,-0.82193,0
peptide_nm_151,0.35811,0
peptide_nm_152,-1.09541,0
peptide_nm_153,-0.87494,0
peptide_nm_154,-1.07267,0
peptide_nm_155,-0.53624,0
peptide_nm_156,-0.68866,0
peptide_nm_157,-0.03571,0
peptide_nm_158,0.12489,0
peptide_nm_159,-0.54353,0
peptide_nm_160,-0.4888,0
peptide_nm_161,-0.5173,0
peptide_nm_162,-0.63422,0
peptide_nm_163,-0.08903,0
peptide_nm_164,-0.1606,0
peptide_nm_165,0.40088,0
peptide_nm_166,-0.45253,0
peptide_nm_167,-0.40972,0
peptide_nm_168,-1.12282,0
peptide_nm_169,-0.99463,0
peptide_nm_170,-0.96931,0
peptide_nm_171,-0.90411,0
peptide_nm_172,0.14123,0
peptide_nm_173,0.07477,0
peptide_nm_174,-0.15564,0
peptide_nm_175,0.17559,0
peptide_nm_176,-0.70187,0
peptide_nm_177,-1.1387,0
peptide_nm_178,0.03674,0
peptide_nm_179,-0.09411,0
peptide_nm_180,-0.16636,0
peptide_nm_181,-0.6349,0
peptide_nm_182,-0.96167,0
peptide_nm_183,0.04145,0
peptide_nm_184,-0.52279,0
peptide_nm_185,-0.85003,0
peptide_nm_186,-1.27519,0
peptide_nm_187,0.72629,0
peptide_nm_188,-0.42877,0
peptide_nm_189,-0.95968,0
peptide_nm_190,0.27785,0
peptide_nm_191,-1.06986,0
peptide_nm_192,-0.07998,0
peptide_nm_193,0.65068,0
peptide_nm_194,-0.2341,0
peptide_nm_195,0.52984,0
peptide_nm_196,-0.2856,0
peptide_nm_197,-0.83609,0
peptide_nm_198,0.27328,0
peptide_nm_199,0.33799,0
peptide_nm_200,0.40533,0
peptide_nm_201,-0.82002,0
peptide_nm_202,0.05333,0
peptide_nm_203,-0.88215,0
peptide_nm_204,-1.20633,0
peptide_nm_205,-1.54529,0
peptide_nm_206,0.05883,0
peptide_nm_207,-1.11225,0
peptide_nm_208,0.20534,0
peptide_nm_209,-1.15246,0
peptide_nm_210,-0.79711,0
peptide_nm_211,-0.91007,0
peptide_nm_212,0.1165,0
peptide_nm_213,-1.54377,0
peptide_nm_214,-0.16073,0
peptide_nm_215,-0.54636,0
peptide_nm_216,-0.03186,0
peptide_nm_217,-0.92696,0
peptide_nm_218,-0.78935,0
peptide_nm_219,-0.14733,0
peptide_nm_220,0.50519,0
peptide_nm_221,-0.43096,0
peptide_nm_222,-0.30133,0
peptide_nm_223,-0.00848,0
peptide_nm_224,-1.31253,0
peptide_nm_225,-0.73506,0
peptide_nm_226,-0.90023,0
peptide_nm_227,-0.15574,0
peptide_nm_228,0.40364,0
peptide_nm_229,0.74577,0
peptide_nm_230,-1.06069,0
peptide_nm_231,0.9095,0
peptide_nm_232,-0.97561,0
peptide_nm_233,0.09593,0
peptide_nm_234,-0.87805,0
peptide_nm_235,0.36983,0
peptide_nm_236,-0.6588,0
peptide_nm_237,0.35768,0
peptide_nm_238,-0.79529,0
peptide_nm_239,-0.12125,0
peptide_nm_240,-1.26679,0
peptide_nm_241,-0.17493,0
peptide_nm_242,-0.4561,0
peptide_nm_243,-1.3865,0
peptide_nm_244,-0.17881,0
peptide_nm_245,-0.67079,0
peptide_nm_246,-0.67429,0
peptide_nm_247,0.13023,0
peptide_nm_248,0.48464,0
peptide_nm_249,-0.17691,0
peptide_nm_250,-0.93502,0
peptide_nm_251,-0.8264,0
peptide_nm_252,-0.46563,0
peptide_nm_253,0.44458,0
peptide_nm_254,-1.50272,0
peptide_nm_255,-0.77437,0
peptide_nm_256,-1.36839,0
peptide_nm_257,-0.17684,0
peptide_nm_258,0.09776,0
peptide_nm_259,-0.34606,0
peptide_nm_260,-1.32608,0
peptide_nm_261,-1.02996,0
peptide_nm_262,-0.97303,0
peptide_nm_263,-1.49232,0
peptide_nm_264,-0.61899,0
peptide_nm_265,-0.69097,0
peptide_nm_266,0.19238,0
peptide_nm_267,-0.60362,0
peptide_nm_268,-0.68225,0
peptide_nm_269,-1.23744,0
peptide_nm_270,0.68917,0
peptide_nm_271,-0.15332,0
peptide_nm_272,-0.57445,0
peptide_nm_273,-1.00806,0
peptide_nm_274,-0.11439,0
peptide_nm_275,0.32636,0
peptide_nm_276,-1.05429,0
peptide_nm_277,-0.598,0
peptide_nm_278,-1.29971,0
peptide_nm_279,-1.22901,0
peptide_nm_280,-0.05097,0
peptide_nm_281,0.05411,0
peptide_nm_282,-1.12615,0
peptide_nm_283,-0.87022,0
peptide_nm_284,-0.55248,0
peptide_nm_285,-0.72573,0
peptide_nm_286,-0.33822,0
peptide_nm_287,-0.29069,0
peptide_nm_288,-0.50564,0
peptide_nm_289,0.73552,0
peptide_nm_290,0.56881,0
peptide_nm_291,-0.56448,0
peptide_nm_292,-1.51712,0
peptide_nm_293,0.05723,0
peptide_nm_294,-0.09747,0
peptide_nm_295,-1.19855,0
peptide_nm_296,-0.47797,0
peptide_nm_297,-0.1008,0
peptide_nm_298,-0.23264,0
peptide_nm_299,-0.38347,0
peptide_nm_300,-1.42345,0
peptide_nm_301,0.61751,0
peptide_nm_302,-0.62469,0
peptide_nm_303,-0.56589,0
peptide_nm_304,-0.9404,0
peptide_nm_305,-0.07891,0
peptide_nm_306,-0.90689,0
peptide_nm_307,-0.73747,0
peptide_nm_308,0.28086,0
peptide_nm_309,-0.06364,0
peptide_nm_310,0.1379,0
peptide_nm_311,-1.24707,0
peptide_nm_312,-1.22164,0
peptide_nm_313,-0.56586,0
peptide_nm_314,-1.13615,0
peptide_nm_315,-1.26941,0
peptide_nm_316,-0.84869,0
peptide_nm_317,0.21775,0
peptide_nm_318,-0.03925,0
peptide_nm_319,-0.79667,0
peptide_nm_320,-1.28027,0
peptide_nm_321,-0.29247,0
peptide_nm_322,0.9054,0
peptide_nm_323,-0.52846,0
peptide_nm_324,-0.63204,0
peptide_nm_325,-1.24883,0
peptide_nm_326,-0.43714,0
peptide_nm_327,-0.47064,0
peptide_nm_328,0.10128,0
peptide_nm_329,-1.47186,0
peptide_nm_330,-0.32287,0
peptide_nm_331,0.19525,0
peptide_nm_332,-1.33156,0
peptide_nm_333,-1.16006,0
peptide_nm_334,-0.46777,0
peptide_nm_335,0.15719,0
peptide_nm_336,0.04267,0
peptide_nm_337,-0.00641,0
peptide_nm_338,-0.34744,0
peptide_nm_339,-0.64196,0
peptide_nm_340,0.01697,0
peptide_nm_341,-0.97059,0
peptide_nm_342,-0.8037,0
peptide_nm_343,0.3236,0
peptide_nm_344,0.00544,0
peptide_nm_345,-0.77173,0
peptide_nm_346,-0.25052,0
peptide_nm_347,0.40832,0
peptide_nm_348,-0.71003,0
peptide_nm_349,-0.31787,0
peptide_nm_350,-0.83425,0
peptide_nm_351,-1.04152,0
peptide_nm_352,-0.9476,0
peptide_nm_353,-0.92,0
peptide_nm_354,-0.16706,0
peptide_nm_355,-0.54629,0
peptide_nm_356,-0.55034,0
peptide_nm_357,-1.02768,0
peptide_nm_358,-0.45554,0
peptide_nm_359,-0.43642,0
peptide_nm_360,-0.32569,0
peptide_nm_361,-0.41047,0
peptide_nm_362,-0.2424,0
peptide_nm_363,0.27579,0
peptide_nm_364,-0.31727,0
peptide_nm_365,-0.30227,0
peptide_nm_366,-0.36601,0
peptide_nm_367,0.18867,0
peptide_nm_368,-0.43261,0
peptide_nm_369,0.28436,0
peptide_nm_370,-0.93581,0
peptide_nm_371,-0.81508,0
peptide_nm_372,-0.60175,0
peptide_nm_373,-1.10228,0
peptide_nm_374,-0.76942,0
peptide_nm_375,-0.37483,0
peptide_nm_376,-0.8911,0
peptide_nm_377,-0.11514,0
peptide_nm_378,-0.69626,0
peptide_nm_379,0.76918,0
peptide_nm_380,-0.40371,0
peptide_nm_381,0.54501,0
peptide_nm_382,-0.88131,0
peptide_nm_383,0.02375,0
peptide_nm_384,0.52735,0
peptide_nm_385,-1.44491,0
peptide_nm_386,-1.32309,0
peptide_nm_387,-0.01584,0
peptide_nm_388,-1.18251,0
peptide_nm_389,-1.04828,0
peptide_nm_390,1.22274,0
peptide_nm_391,-0.60219,0
peptide_nm_392,-0.76602,0
peptide_nm_393,-0.22911,0
peptide_nm_394,0.11499,0
peptide_nm_395,-0.62435,0
peptide_nm_396,0.54926,0
peptide_nm_397,-0.41642,0
peptide_nm_398,0.34345,0
peptide_nm_399,-0.7432,0
peptide_nm_400,-0.36753,0
peptide_nm_401,-1.47892,0
peptide_nm_402,-0.14931,0
peptide_nm_403,-0.81612,0
peptide_nm_404,-0.50202,0
peptide_nm_405,-0.79621,0
peptide_nm_406,-0.224,0
peptide_nm_407,-0.00193,0
peptide_nm_408,-0.81821,0
peptide_nm_409,-0.75372,0
peptide_nm_410,-1.34221,0
peptide_nm_411,-0.49991,0
peptide_nm_412,-0.01157,0
peptide_nm_413,-0.6535,0
peptide_nm_414,-0.70307,0
peptide_nm_415,-0.09225,0
peptide_nm_416,-0.176,0
peptide_nm_417,-0.24547,0
peptide_nm_418,0.58335,0
peptide_nm_419,0.10046,0
peptide_nm_420,-0.54225,0
peptide_nm_421,-1.05469,0
peptide_nm_422,-1.2061,0
peptide_nm_423,-1.31862,0
peptide_nm_424,-1.30438,0
peptide_nm_425,-0.92549,0
peptide_nm_426,-1.08835,0
peptide_nm_427,-1.06786,0
peptide_nm_428,-0.79579,0
peptide_nm_429,0.61264,0
peptide_nm_430,-1.43812,0
peptide_nm_431,-0.96151,0
peptide_nm_432,-0.99703,0
peptide_nm_433,0.04438,0
peptide_nm_434,-1.19733,0
peptide_nm_435,-0.85098,0
peptide_nm_436,-0.9114,0
peptide_nm_437,0.61011,0
peptide_nm_438,0.83136,0
peptide_nm_439,-1.38424,0
peptide_nm_440,-1.1485,0
peptide_nm_441,-1.09703,0
peptide_nm_442,0.13612,0
peptide_pm_1,0.72009,1
peptide_pm_2,0.5939,1
peptide_pm_3,1.11413,1
peptide_pm_4,1.35741,1
peptide_pm_5,-1.50008,1
peptide_pm_6,0.91048,1
peptide_pm_7,-0.26145,1
peptide_pm_8,-0.2479,1
peptide_pm_9,1.85566,1
peptide_pm_10,-1.41846,1
peptide_pm_11,1.31839,1
peptide_pm_12,0.46348,1
peptide_pm_13,-0.75406,1
peptide_pm_14,-1.26227,1
peptide_pm_15,-0.12949,1
peptide_pm_16,0.04083,1
peptide_pm_17,1.13533,1
peptide_pm_18,0.2344,1
peptide_pm_19,0.24955,1
peptide_pm_20,-1.17614,1
peptide_pm_21,0.45405,1
peptide_pm_22,0.09997,1
peptide_pm_23,-0.77426,1
peptide_pm_24,2.37521,1
peptide_pm_25,-0.7931,1
peptide_pm_26,0.10163,1
peptide_pm_27,-0.7443,1
peptide_pm_28,-1.14036,1
peptide_pm_29,1.03911,1
peptide_pm_30,0.8909,1
peptide_pm_31,0.92862,1
peptide_pm_32,0.14932,1
peptide_pm_33,0.38727,1
peptide_pm_34,1.65649,1
peptide_pm_35,0.8275,1
peptide_pm_36,0.62471,1
peptide_pm_37,0.64941,1
peptide_pm_38,1.75223,1
peptide_pm_39,-0.87864,1
peptide_pm_40,-0.7483,1
peptide_pm_41,-0.38698,1
peptide_pm_42,-1.04776,1
peptide_pm_43,-1.21135,1
peptide_pm_44,-0.41094,1
peptide_pm_45,-1.41502,1
peptide_pm_46,-0.66373,1
peptide_pm_47,-1.03295,1
peptide_pm_48,-1.20984,1
peptide_pm_49,1.22397,1
peptide_pm_50,1.37247,1
peptide_pm_51,-0.46743,1
peptide_pm_52,0.01616,1
peptide_pm_53,-0.29701,1
peptide_pm_54,-0.74839,1
peptide_pm_55,1.16758,1
peptide_pm_56,-1.3218,1
peptide_pm_57,1.81087,1
peptide_pm_58,-1.37456,1
peptide_pm_59,1.3506,1
peptide_pm_60,1.49358,1
peptide_pm_61,-0.8179,1
peptide_pm_62,-0.37664,1
peptide_pm_63,-1.13626,1
peptide_pm_64,2.56683,1
peptide_pm_65,1.8295,1
peptide_pm_66,-0.97744,1
peptide_pm_67,1.8039,1
peptide_pm_68,1.55942,1
peptide_pm_69,0.14466,1
peptide_pm_70,-1.37737,1
peptide_pm_71,-1.45243,1
peptide_pm_72,0.46475,1
peptide_pm_73,1.26852,1
peptide_pm_74,-1.01703,1
peptide_pm_75,2.31578,1
peptide_pm_76,0.73823,1
peptide_pm_77,0.93811,1
peptide_pm_78,-0.0687,1
peptide_pm_79,-0.25907,1
peptide_pm_80,-0.17165,1
peptide_pm_81,1.00828,1
peptide_pm_82,1.32851,1
peptide_pm_83,-0.56334,1
peptide_pm_84,-0.98135,1
peptide_pm_85,0.85274,1
peptide_pm_86,-0.83727,1
peptide_pm_87,2.11234,1
peptide_pm_88,-0.91492,1
peptide_pm_89,1.72624,1
peptide_pm_90,-0.15951,1
peptide_pm_91,0.20797,1
peptide_pm_92,0.28003,1
peptide_pm_93,0.31722,1
peptide_pm_94,0.92734,1
peptide_pm_95,1.81418,1
peptide_pm_96,-0.92398,1
peptide_pm_97,-0.33766,1
peptide_pm_98,0.49629,1
peptide_pm_99,-0.19271,1
peptide_pm_100,-0.81822,1
peptide_pm_101,-0.17231,1
peptide_pm_102,2.63326,1
peptide_pm_103,0.20143,1
peptide_pm_104,1.97985,1
peptide_pm_105,1.41268,1
peptide_pm_106,1.00293,1
peptide_pm_107,0.7512,1
peptide_pm_108,0.53913,1
peptide_pm_109,-0.6722,1
peptide_pm_110,-0.37746,1
peptide_pm_111,1.1601,1
peptide_pm_112,1.96936,1
peptide_pm_113,0.8288,1
peptide_pm_114,0.69418,1
peptide_pm_115,-0.82162,1
peptide_pm_116,1.91072,1
peptide_pm_117,0.98287,1
peptide_pm_118,-0.41858,1
peptide_pm_119,-1.21186,1
peptide_pm_120,-1.22447,1
peptide_pm_121,1.29699,1
peptide_pm_122,1.88404,1
peptide_pm_123,0.47481,1
peptide_pm_124,-1.14688,1
peptide_pm_125,-1.26519,1
peptide_pm_126,-0.21714,1
peptide_pm_127,0.30311,1
peptide_pm_128,-1.03592,1
peptide_pm_129,-0.59632,1
peptide_pm_130,1.04583,1
peptide_pm_131,-0.34072,1
peptide_pm_132,2.28716,1
peptide_pm_133,0.47576,1
peptide_pm_134,0.222,1
peptide_pm_135,1.82144,1
peptide_pm_136,1.12213,1
peptide_pm_137,1.41491,1
peptide_pm_138,-0.15379,1
peptide_pm_139,1.56955,1
peptide_pm_140,2.36477,1
peptide_pm_141,0.79174,1
peptide_pm_142,1.9002,1
peptide_pm_143,-0.01915,1
peptide_pm_144,2.08839,1
peptide_pm_145,-0.11199,1
peptide_pm_146,-0.72904,1
peptide_pm_147,0.28003,1
peptide_pm_148,0.40322,1
peptide_pm_149,-0.56484,1
peptide_pm_150,1.79881,1
peptide_pm_151,1.31541,1
peptide_pm_152,1.51909,1
peptide_pm_153,0.68979,1
peptide_pm_154,-1.3911,1
peptide_pm_155,1.47041,1
peptide_pm_156,1.72228,1
peptide_pm_157,-0.61342,1
peptide_pm_158,0.19904,1
peptide_pm_159,0.62381,1
peptide_pm_160,-1.12204,1
peptide_pm_161,1.97567,1
peptide_pm_162,1.21793,1
peptide_pm_163,0.93026,1
peptide_pm_164,1.64169,1
peptide_pm_165,1.66571,1
peptide_pm_166,2.14131,1
peptide_pm_167,0.49514,1
peptide_pm_168,1.94083,1
peptide_pm_169,0.18747,1
peptide_pm_170,1.31925,1
peptide_pm_171,0.80652,1
peptide_pm_172,2.30133,1
peptide_pm_173,-0.62648,1
peptide_pm_174,-0.76198,1
peptide_pm_175,-0.27162,1
peptide_pm_176,-1.52078,1
peptide_pm_177,0.56254,1
peptide_pm_178,0.7112,1
peptide_pm_179,1.43265,1
peptide_pm_180,1.51151,1
peptide_pm_181,0.35723,1
peptide_pm_182,0.94473,1
peptide_pm_183,1.50857,1
peptide_pm_184,-1.00197,1
peptide_pm_185,1.4168,1
peptide_pm_186,1.45898,1
peptide_pm_187,1.81822,1
peptide_pm_188,-0.20402,1
peptide_pm_189,1.83855,1
peptide_pm_190,-0.56825,1
peptide_pm_191,1.37238,1
peptide_pm_192,0.47879,1
peptide_pm_193,-0.17694,1
peptide_pm_194,1.02917,1
peptide_pm_195,-0.00358,1
peptide_pm_196,0.26699,1
peptide_pm_197,2.28529,1
peptide_pm_198,1.0179,1
peptide_pm_199,1.4158,1
peptide_pm_200,0.25506,1
peptide_pm_201,1.01601,1
peptide_pm_202,1.8741,1
peptide_pm_203,0.66475,1
peptide_pm_204,1.45608,1
peptide_pm_205,-0.01742,1
peptide_pm_206,-0.42094,1
peptide_pm_207,1.75034,1
peptide_pm_208,1.43326,1
peptide_pm_209,0.17257,1
peptide_pm_210,-0.86937,1
peptide_pm_211,-0.50225,1
peptide_pm_212,1.75626,1
peptide_pm_213,0.16722,1
peptide_pm_214,0.818,1
peptide_pm_215,-0.17965,1
peptide_pm_216,1.12275,1
peptide_pm_217,0.56069,1
peptide_pm_218,1.45198,1
peptide_pm_219,1.62591,1
peptide_pm_220,0.35786,1
peptide_pm_221,0.26686,1
peptide_pm_222,-1.38719,1
peptide_pm_223,-0.56194,1
peptide_pm_224,-1.07988,1
peptide_pm_225,0.63885,1
peptide_pm_226,1.18634,1
peptide_pm_227,0.76728,1
peptide_pm_228,-0.84776,1
peptide_pm_229,-0.01111,1
peptide_pm_230,-0.91686,1
peptide_pm_231,1.13576,1
peptide_pm_232,1.10625,1
peptide_pm_233,-0.83065,1
peptide_pm_234,1.4176,1
peptide_pm_235,1.27842,1
peptide_pm_236,-1.14172,1
peptide_pm_237,-1.16618,1
peptide_pm_238,-0.87007,1
peptide_pm_239,0.66595,1
peptide_pm_240,0.09403,1
peptide_pm_241,0.0855,1
peptide_pm_242,-0.07967,1
peptide_pm_243,-0.4935,1
peptide_pm_244,0.70354,1
peptide_pm_245,0.59846,1
peptide_pm_246,-0.60328,1
peptide_pm_247,1.69801,1
peptide_pm_248,-0.94621,1
peptide_pm_249,0.48972,1
peptide_pm_250,2.19512,1
peptide_pm_251,-0.43109,1
peptide_pm_252,2.03842,1
peptide_pm_253,-1.10648,1
peptide_pm_254,-0.94624,1
peptide_pm_255,0.41217,1
peptide_pm_256,0.21925,1
peptide_pm_257,-1.33105,1
peptide_pm_258,-0.08286,1
peptide_pm_259,0.64391,1
peptide_pm_260,0.74908,1
peptide_pm_261,0.53769,1
peptide_pm_262,-1.22474,1
peptide_pm_263,1.79155,1
peptide_pm_264,1.58096,1
peptide_pm_265,-1.14116,1
peptide_pm_266,1.86073,1
peptide_pm_267,0.18062,1
peptide_pm_268,2.03484,1
peptide_pm_269,-1.2139,1
peptide_pm_270,1.78662,1
peptide_pm_271,0.32182,1
peptide_pm_272,-0.39618,1
peptide_pm_273,0.7952,1
peptide_pm_274,1.81899,1
peptide_pm_275,-1.06096,1
peptide_pm_276,2.37891,1
peptide_pm_277,1.99576,1
peptide_pm_278,-1.59667,1
peptide_pm_279,0.46976,1
peptide_pm_280,1.21161,1
peptide_pm_281,-1.00794,1
peptide_pm_282,1.93806,1
peptide_pm_283,-0.99533,1
peptide_pm_284,1.99529,1
peptide_pm_285,-0.67165,1
peptide_pm_286,-0.26364,1
peptide_pm_287,1.1719,1
peptide_pm_288,1.13746,1
peptide_pm_289,0.90651,1
peptide_pm_290,0.9827,1
peptide_pm_291,1.17126,1
peptide_pm_292,2.50533,1
peptide_pm_293,1.30779,1
peptide_pm_294,-0.35599,1
peptide_pm_295,-0.67428,1
peptide_pm_296,0.77717,1
peptide_pm_297,0.19256,1
peptide_pm_298,2.0896,1
peptide_pm_299,1.46999,1
peptide_pm_300,2.00808,1
peptide_pm_301,2.30861,1
peptide_pm_302,0.05579,1
peptide_pm_303,0.9216,1
peptide_pm_304,-0.48737,1
peptide_pm_305,0.31773,1
peptide_pm_306,-0.8576,1
peptide_pm_307,2.5417,1
peptide_pm_308,-1.14639,1
peptide_pm_309,1.26264,1
peptide_pm_310,1.83291,1
peptide_pm_311,1.21011,1
peptide_pm_312,2.35727,1
peptide_pm_313,0.78827,1
peptide_pm_314,1.11798,1
peptide_pm_315,1.39526,1
peptide_pm_316,1.06846,1
peptide_pm_317,-0.33716,1
peptide_pm_318,-0.33194,1
peptide_pm_319,1.27213,1
peptide_pm_320,1.80524,1
peptide_pm_321,-0.93657,1
peptide_pm_322,-1.40203,1
peptide_pm_323,0.46264,1
peptide_pm_324,-0.27838,1
peptide_pm_325,1.18808,1
peptide_pm_326,0.59026,1
peptide_pm_327,1.5763,1
peptide_pm_328,1.46449,1
peptide_pm_329,0.76556,1
peptide_pm_330,1.89661,1
peptide_pm_331,1.20631,1
peptide_pm_332,2.29152,1
peptide_pm_333,0.65123,1
peptide_pm_334,-1.20581,1
peptide_pm_335,0.08079,1
peptide_pm_336,-0.72904,1
peptide_pm_337,-0.9178,1
peptide_pm_338,-0.22963,1
peptide_pm_339,1.68942,1
peptide_pm_340,0.30107,1
peptide_pm_341,1.83418,1
peptide_pm_342,-0.02575,1
peptide_pm_343,1.36354,1
peptide_pm_344,-0.83137,1
peptide_pm_345,1.78548,1
peptide_pm_346,2.74432,1
peptide_pm_347,1.72225,1
peptide_pm_348,-0.7709,1
peptide_pm_349,2.52826,1
peptide_pm_350,1.93048,1
peptide_pm_351,0.61261,1
peptide_pm_352,-0.87843,1
peptide_pm_353,1.56539,1
peptide_pm_354,0.98245,1
peptide_pm_355,2.46022,1
peptide_pm_356,-0.19271,1
peptide_pm_357,0.03858,1
peptide_pm_358,0.41842,1
peptide_pm_359,0.30281,1
peptide_pm_360,0.44782,1
peptide_pm_361,-1.27071,1
peptide_pm_362,-0.46163,1
peptide_pm_363,0.01786,1
peptide_pm_364,-1.0558,1
peptide_pm_365,1.37244,1
peptide_pm_366,-0.85169,1
peptide_pm_367,1.7406,1
peptide_pm_368,1.67329,1
peptide_pm_369,-1.18594,1
peptide_pm_370,0.10663,1
peptide_pm_371,-0.38115,1
peptide_pm_372,1.40352,1
peptide_pm_373,-0.93434,1
peptide_pm_374,-0.34162,1
peptide_pm_375,-0.42315,1
peptide_pm_376,0.38178,1
peptide_pm_377,1.04461,1
peptide_pm_378,1.20811,1
peptide_pm_379,-0.27162,1
peptide_pm_380,0.03056,1
peptide_pm_381,-1.10526,1
peptide_pm_382,1.30648,1
peptide_pm_383,0.76775,1
peptide_pm_384,-0.96497,1
peptide_pm_385,2.33474,1
peptide_pm_386,-0.03542,1
peptide_pm_387,1.67816,1
peptide_pm_388,1.65805,1
peptide_pm_389,1.14504,1
peptide_pm_390,1.69784,1
peptide_pm_391,-0.9458,1
peptide_pm_392,1.45331,1
peptide_pm_393,-0.01284,1
peptide_pm_394,1.19242,1
peptide_pm_395,-0.27448,1
peptide_pm_396,-0.69967,1
peptide_pm_397,0.55915,1
peptide_pm_398,-0.37639,1
peptide_pm_399,1.44162,1
peptide_pm_400,-0.13393,1
peptide_pm_401,0.30311,1
peptide_pm_402,0.6586,1
peptide_pm_403,1.4096,1
peptide_pm_404,1.36732,1
peptide_pm_405,1.03139,1
peptide_pm_406,1.61212,1
peptide_pm_407,2.13416,1
peptide_pm_408,0.66325,1
peptide_pm_409,-1.07826,1
peptide_pm_410,0.87858,1
peptide_pm_411,2.25495,1
peptide_pm_412,2.48735,1
peptide_pm_413,0.92888,1
peptide_pm_414,0.57463,1
peptide_pm_415,-0.89005,1
peptide_pm_416,-0.45974,1
peptide_pm_417,-0.12261,1
peptide_pm_418,0.67238,1
peptide_pm_419,2.34128,1
peptide_pm_420,1.67747,1
peptide_pm_421,-0.59002,1
peptide_pm_422,-0.47359,1
peptide_pm_423,1.6524,1
peptide_pm_424,-1.31807,1
peptide_pm_425,-1.33455,1
peptide_pm_426,0.6571,1
peptide_pm_427,-0.33968,1
peptide_pm_428,2.83832,1
peptide_pm_429,-0.95573,1
peptide_pm_430,1.12303,1
peptide_pm_431,-0.83354,1
peptide_pm_432,-1.53349,1
peptide_pm_433,-0.10185,1
peptide_pm_434,0.58801,1
peptide_pm_435,0.96494,1
peptide_pm_436,1.70699,1
peptide_pm_437,0.47277,1
peptide_pm_438,0.4145,1
peptide_pm_439,1.10068,1
peptide_pm_440,0.75839,1
peptide_pm_441,-0.98019,1
peptide_pm_442,1.74439,1
