,Janin,y
peptide_nm_1,-0.05023,0
peptide_nm_2,-0.91218,0
peptide_nm_3,-0.61921,0
peptide_nm_4,-0.66557,0
peptide_nm_5,-0.52742,0
peptide_nm_6,-0.99372,0
peptide_nm_7,0.03221,0
peptide_nm_8,-0.60645,0
peptide_nm_9,0.33383,0
peptide_nm_10,-0.9084,0
peptide_nm_11,0.06098,0
peptide_nm_12,-0.67388,0
peptide_nm_13,-0.48848,0
peptide_nm_14,0.03972,0
peptide_nm_15,-0.71182,0
peptide_nm_16,-0.56385,0
peptide_nm_17,-0.97297,0
peptide_nm_18,-0.85091,0
peptide_nm_19,0.21128,0
peptide_nm_20,-1.14193,0
peptide_nm_21,-0.89979,0
peptide_nm_22,-1.12613,0
peptide_nm_23,-0.49463,0
peptide_nm_24,-0.12143,0
peptide_nm_25,-0.55034,0
peptide_nm_26,-1.01194,0
peptide_nm_27,0.52982,0
peptide_nm_28,-0.45657,0
peptide_nm_29,-0.0665,0
peptide_nm_30,-0.93227,0
peptide_nm_31,-0.97251,0
peptide_nm_32,0.00678,0
peptide_nm_33,-0.07103,0
peptide_nm_34,-0.24412,0
peptide_nm_35,-0.04105,0
peptide_nm_36,-0.16742,0
peptide_nm_37,-1.14709,0
peptide_nm_38,-1.01983,0
peptide_nm_39,-0.65255,0
peptide_nm_40,-1.05081,0
peptide_nm_41,-0.37437,0
peptide_nm_43,-0.03563,0
peptide_nm_44,-0.22584,0
peptide_nm_45,-0.83983,0
peptide_nm_46,-1.32232,0
peptide_nm_47,-0.59805,0
peptide_nm_48,0.71794,0
peptide_nm_49,-1.19503,0
peptide_nm_50,-1.39093,0
peptide_nm_51,-1.131,0
peptide_nm_52,0.11208,0
peptide_nm_53,-0.89936,0
peptide_nm_54,0.12521,0
peptide_nm_55,-0.51288,0
peptide_nm_56,-0.78617,0
peptide_nm_57,-1.32568,0
peptide_nm_58,-0.98812,0
peptide_nm_59,-0.14992,0
peptide_nm_60,-1.26236,0
peptide_nm_61,-0.43732,0
peptide_nm_62,-0.5273,0
peptide_nm_63,-0.48882,0
peptide_nm_64,-0.83996,0
peptide_nm_65,-0.31628,0
peptide_nm_66,-0.87749,0
peptide_nm_67,-0.80919,0
peptide_nm_68,-0.73671,0
peptide_nm_69,-0.87945,0
peptide_nm_70,0.06397,0
peptide_nm_71,0.09544,0
peptide_nm_72,0.00148,0
peptide_nm_73,-0.55233,0
peptide_nm_74,-0.53573,0
peptide_nm_75,-0.16569,0
peptide_nm_76,-1.08385,0
peptide_nm_77,-1.14505,0
peptide_nm_78,-0.38728,0
peptide_nm_79,-0.99934,0
peptide_nm_80,-0.95574,0
peptide_nm_81,-0.8741,0
peptide_nm_82,-1.17214,0
peptide_nm_83,-0.67309,0
peptide_nm_84,-0.09109,0
peptide_nm_85,0.22838,0
peptide_nm_86,-0.03656,0
peptide_nm_87,-1.02631,0
peptide_nm_88,0.75337,0
peptide_nm_89,-0.35592,0
peptide_nm_90,-0.73315,0
peptide_nm_91,-0.91678,0
peptide_nm_92,0.35228,0
peptide_nm_93,-0.60658,0
peptide_nm_94,-0.98516,0
peptide_nm_95,-1.35139,0
peptide_nm_96,-0.36961,0
peptide_nm_97,0.00911,0
peptide_nm_98,-0.20864,0
peptide_nm_99,0.79736,0
peptide_nm_100,-1.15676,0
peptide_nm_101,-0.82444,0
peptide_nm_102,-0.64765,0
peptide_nm_103,-0.54409,0
peptide_nm_104,-0.14523,0
peptide_nm_105,-0.62771,0
peptide_nm_106,0.50637,0
peptide_nm_107,-0.20636,0
peptide_nm_108,-0.6493,0
peptide_nm_109,-0.45109,0
peptide_nm_110,-0.4429,0
peptide_nm_111,-0.85115,0
peptide_nm_112,-0.47576,0
peptide_nm_113,-1.35513,0
peptide_nm_114,-0.71623,0
peptide_nm_115,-0.71751,0
peptide_nm_116,-0.77644,0
peptide_nm_117,-0.55512,0
peptide_nm_118,-0.55472,0
peptide_nm_119,-0.19492,0
peptide_nm_120,0.55411,0
peptide_nm_121,-0.74614,0
peptide_nm_122,-0.35734,0
peptide_nm_123,-1.28976,0
peptide_nm_124,0.16983,0
peptide_nm_125,-0.06884,0
peptide_nm_126,-0.45659,0
peptide_nm_127,-0.30118,0
peptide_nm_128,-0.8325,0
peptide_nm_129,-1.19392,0
peptide_nm_130,-0.8376,0
peptide_nm_131,0.35651,0
peptide_nm_132,-0.1624,0
peptide_nm_133,0.01774,0
peptide_nm_134,-0.3462,0
peptide_nm_135,-0.9001,0
peptide_nm_136,-0.3211,0
peptide_nm_137,-1.27479,0
peptide_nm_138,-0.04508,0
peptide_nm_139,-0.58987,0
peptide_nm_140,-0.32568,0
peptide_nm_141,-1.16299,0
peptide_nm_142,-0.49581,0
peptide_nm_143,-0.07084,0
peptide_nm_144,-1.12675,0
peptide_nm_145,-0.74347,0
peptide_nm_146,-0.30374,0
peptide_nm_147,-0.1346,0
peptide_nm_148,-0.90897,0
peptide_nm_149,-0.72605,0
peptide_nm_150,-1.16268,0
peptide_nm_151,0.04634,0
peptide_nm_152,-0.68234,0
peptide_nm_153,-0.69469,0
peptide_nm_154,-0.76739,0
peptide_nm_155,-0.41515,0
peptide_nm_156,-0.63902,0
peptide_nm_157,0.13681,0
peptide_nm_158,-0.15852,0
peptide_nm_159,-0.76012,0
peptide_nm_160,-0.3432,0
peptide_nm_161,-0.50649,0
peptide_nm_162,-0.5255,0
peptide_nm_163,-0.80581,0
peptide_nm_164,-0.5808,0
peptide_nm_165,-0.27219,0
peptide_nm_166,-0.53856,0
peptide_nm_167,-0.41419,0
peptide_nm_168,-0.98976,0
peptide_nm_169,-0.67996,0
peptide_nm_170,-1.02858,0
peptide_nm_171,-0.87866,0
peptide_nm_172,-0.4743,0
peptide_nm_173,-0.78256,0
peptide_nm_174,-0.18643,0
peptide_nm_175,-0.67371,0
peptide_nm_176,-0.80142,0
peptide_nm_177,-0.83995,0
peptide_nm_178,-0.45846,0
peptide_nm_179,-0.33225,0
peptide_nm_180,-0.49185,0
peptide_nm_181,-0.93269,0
peptide_nm_182,-1.02297,0
peptide_nm_183,-0.70772,0
peptide_nm_184,-0.97723,0
peptide_nm_185,-1.04497,0
peptide_nm_186,-0.9624,0
peptide_nm_187,-0.00577,0
peptide_nm_188,-0.32274,0
peptide_nm_189,-0.93195,0
peptide_nm_190,-0.16364,0
peptide_nm_191,-0.86389,0
peptide_nm_192,0.41155,0
peptide_nm_193,0.56784,0
peptide_nm_194,-0.38293,0
peptide_nm_195,0.40832,0
peptide_nm_196,-1.12751,0
peptide_nm_197,-0.55693,0
peptide_nm_198,0.23062,0
peptide_nm_199,-0.49528,0
peptide_nm_200,-0.65503,0
peptide_nm_201,-0.6448,0
peptide_nm_202,-0.782,0
peptide_nm_203,-0.88531,0
peptide_nm_204,-0.83139,0
peptide_nm_205,-1.06567,0
peptide_nm_206,-0.02254,0
peptide_nm_207,-0.95555,0
peptide_nm_208,0.39396,0
peptide_nm_209,-1.28411,0
peptide_nm_210,-0.86472,0
peptide_nm_211,-0.46501,0
peptide_nm_212,0.17725,0
peptide_nm_213,-1.13482,0
peptide_nm_214,-0.35238,0
peptide_nm_215,-0.8739,0
peptide_nm_216,-0.27314,0
peptide_nm_217,-0.69229,0
peptide_nm_218,-1.17888,0
peptide_nm_219,-0.27907,0
peptide_nm_220,0.19237,0
peptide_nm_221,0.09711,0
peptide_nm_222,-0.36661,0
peptide_nm_223,0.12429,0
peptide_nm_224,-1.21278,0
peptide_nm_225,-0.33969,0
peptide_nm_226,-0.89878,0
peptide_nm_227,0.0936,0
peptide_nm_228,0.66693,0
peptide_nm_229,0.85938,0
peptide_nm_230,-0.80363,0
peptide_nm_231,0.93456,0
peptide_nm_232,-1.29604,0
peptide_nm_233,-0.05899,0
peptide_nm_234,-0.98288,0
peptide_nm_235,-0.47121,0
peptide_nm_236,-1.17417,0
peptide_nm_237,-0.42074,0
peptide_nm_238,-1.18021,0
peptide_nm_239,-0.54252,0
peptide_nm_240,-0.87065,0
peptide_nm_241,-0.60887,0
peptide_nm_242,-0.63225,0
peptide_nm_243,-0.90045,0
peptide_nm_244,-0.15131,0
peptide_nm_245,0.37918,0
peptide_nm_246,-0.24429,0
peptide_nm_247,-0.2825,0
peptide_nm_248,-0.65074,0
peptide_nm_249,-0.38797,0
peptide_nm_250,-1.194,0
peptide_nm_251,-1.0431,0
peptide_nm_252,-0.83258,0
peptide_nm_253,0.17254,0
peptide_nm_254,-1.13429,0
peptide_nm_255,-0.75515,0
peptide_nm_256,-0.93653,0
peptide_nm_257,-0.32215,0
peptide_nm_258,-0.6194,0
peptide_nm_259,-0.31884,0
peptide_nm_260,-0.92832,0
peptide_nm_261,-1.3517,0
peptide_nm_262,-0.83249,0
peptide_nm_263,-0.4839,0
peptide_nm_264,-0.57652,0
peptide_nm_265,0.29411,0
peptide_nm_266,0.04087,0
peptide_nm_267,-0.69655,0
peptide_nm_268,-0.67539,0
peptide_nm_269,-1.20886,0
peptide_nm_270,0.89248,0
peptide_nm_271,0.85219,0
peptide_nm_272,-0.34581,0
peptide_nm_273,-0.7419,0
peptide_nm_274,0.07132,0
peptide_nm_275,-0.45076,0
peptide_nm_276,-1.14782,0
peptide_nm_277,-0.82483,0
peptide_nm_278,-1.2039,0
peptide_nm_279,-1.28564,0
peptide_nm_280,-0.33294,0
peptide_nm_281,-0.37572,0
peptide_nm_282,-1.00293,0
peptide_nm_283,-0.10019,0
peptide_nm_284,-0.69656,0
peptide_nm_285,-0.48613,0
peptide_nm_286,-0.55447,0
peptide_nm_287,-0.51759,0
peptide_nm_288,-0.67371,0
peptide_nm_289,0.43305,0
peptide_nm_290,0.17247,0
peptide_nm_291,-0.45841,0
peptide_nm_292,-1.37031,0
peptide_nm_293,0.183,0
peptide_nm_294,-0.22584,0
peptide_nm_295,-0.8828,0
peptide_nm_296,-0.23773,0
peptide_nm_297,-0.10152,0
peptide_nm_298,0.01919,0
peptide_nm_299,0.148,0
peptide_nm_300,-1.22157,0
peptide_nm_301,0.46868,0
peptide_nm_302,-0.48379,0
peptide_nm_303,0.03947,0
peptide_nm_304,-0.98412,0
peptide_nm_305,-0.28485,0
peptide_nm_306,-1.17688,0
peptide_nm_307,-1.05461,0
peptide_nm_308,0.14615,0
peptide_nm_309,-0.21974,0
peptide_nm_310,-0.44876,0
peptide_nm_311,-1.07566,0
peptide_nm_312,-1.02262,0
peptide_nm_313,-0.86726,0
peptide_nm_314,-0.59679,0
peptide_nm_315,-0.74543,0
peptide_nm_316,-0.34896,0
peptide_nm_317,-0.12267,0
peptide_nm_318,-0.29651,0
peptide_nm_319,-0.37615,0
peptide_nm_320,-0.73118,0
peptide_nm_321,-0.31539,0
peptide_nm_322,1.55464,0
peptide_nm_323,-0.7756,0
peptide_nm_324,-0.29542,0
peptide_nm_325,-0.93447,0
peptide_nm_326,-0.75285,0
peptide_nm_327,-0.71872,0
peptide_nm_328,-0.10111,0
peptide_nm_329,-0.9534,0
peptide_nm_330,0.03358,0
peptide_nm_331,-0.09856,0
peptide_nm_332,-1.30211,0
peptide_nm_333,-1.05405,0
peptide_nm_334,-0.36945,0
peptide_nm_335,-0.29697,0
peptide_nm_336,0.01099,0
peptide_nm_337,-0.11673,0
peptide_nm_338,-0.40455,0
peptide_nm_339,-0.94888,0
peptide_nm_340,-0.44524,0
peptide_nm_341,-0.65795,0
peptide_nm_342,-1.12178,0
peptide_nm_343,0.32481,0
peptide_nm_344,-0.20082,0
peptide_nm_345,-0.39393,0
peptide_nm_346,-0.45175,0
peptide_nm_347,-0.031,0
peptide_nm_348,-0.72523,0
peptide_nm_349,0.15671,0
peptide_nm_350,-0.902,0
peptide_nm_351,-0.65429,0
peptide_nm_352,-0.70708,0
peptide_nm_353,-0.91573,0
peptide_nm_354,-0.43474,0
peptide_nm_355,-0.59614,0
peptide_nm_356,-0.95396,0
peptide_nm_357,-0.92579,0
peptide_nm_358,-1.21,0
peptide_nm_359,-0.64373,0
peptide_nm_360,-0.71629,0
peptide_nm_361,-0.87351,0
peptide_nm_362,-0.54644,0
peptide_nm_363,-0.33737,0
peptide_nm_364,-0.47894,0
peptide_nm_365,0.04367,0
peptide_nm_366,-0.83558,0
peptide_nm_367,-0.33609,0
peptide_nm_368,-1.14278,0
peptide_nm_369,0.23777,0
peptide_nm_370,-0.84052,0
peptide_nm_371,-0.51855,0
peptide_nm_372,-0.35154,0
peptide_nm_373,-0.97662,0
peptide_nm_374,-0.93288,0
peptide_nm_375,-0.52718,0
peptide_nm_376,-0.66056,0
peptide_nm_377,0.24123,0
peptide_nm_378,-0.66268,0
peptide_nm_379,0.32781,0
peptide_nm_380,-0.5326,0
peptide_nm_381,0.02695,0
peptide_nm_382,-0.75307,0
peptide_nm_383,-0.091,0
peptide_nm_384,-0.16316,0
peptide_nm_385,-1.02367,0
peptide_nm_386,-1.0184,0
peptide_nm_387,-0.42738,0
peptide_nm_388,-1.21254,0
peptide_nm_389,-0.84461,0
peptide_nm_390,1.24062,0
peptide_nm_391,-1.20681,0
peptide_nm_392,-0.66131,0
peptide_nm_393,-0.48148,0
peptide_nm_394,0.18495,0
peptide_nm_395,-0.63299,0
peptide_nm_396,0.67034,0
peptide_nm_397,-0.33309,0
peptide_nm_398,-0.00899,0
peptide_nm_399,-0.57038,0
peptide_nm_400,-0.81008,0
peptide_nm_401,-1.229,0
peptide_nm_402,-0.33657,0
peptide_nm_403,-0.47402,0
peptide_nm_404,-0.9034,0
peptide_nm_405,-0.97607,0
peptide_nm_406,-0.45162,0
peptide_nm_407,-0.97151,0
peptide_nm_408,-0.71372,0
peptide_nm_409,-0.83697,0
peptide_nm_410,-1.13503,0
peptide_nm_411,-0.26249,0
peptide_nm_412,-0.33716,0
peptide_nm_413,-0.73435,0
peptide_nm_414,-0.90185,0
peptide_nm_415,0.16632,0
peptide_nm_416,-0.41665,0
peptide_nm_417,-0.58088,0
peptide_nm_418,0.37055,0
peptide_nm_419,-0.43696,0
peptide_nm_420,-0.87136,0
peptide_nm_421,-0.52917,0
peptide_nm_422,-1.20874,0
peptide_nm_423,-0.84741,0
peptide_nm_424,-1.11803,0
peptide_nm_425,-0.75434,0
peptide_nm_426,-1.18232,0
peptide_nm_427,-0.95814,0
peptide_nm_428,-0.97015,0
peptide_nm_429,0.13257,0
peptide_nm_430,-0.93602,0
peptide_nm_431,-1.2331,0
peptide_nm_432,-1.10906,0
peptide_nm_433,0.15368,0
peptide_nm_434,-1.12547,0
peptide_nm_435,-0.88858,0
peptide_nm_436,-0.81494,0
peptide_nm_437,0.39625,0
peptide_nm_438,0.67082,0
peptide_nm_439,-0.74727,0
peptide_nm_440,-1.31541,0
peptide_nm_441,-0.75417,0
peptide_nm_442,0.25001,0
peptide_pm_1,0.14149,1
peptide_pm_2,0.44426,1
peptide_pm_3,1.86209,1
peptide_pm_4,1.81316,1
peptide_pm_5,-1.28477,1
peptide_pm_6,1.68177,1
peptide_pm_7,-0.60482,1
peptide_pm_8,-0.10648,1
peptide_pm_9,1.00603,1
peptide_pm_10,-0.83081,1
peptide_pm_11,0.43026,1
peptide_pm_12,0.48673,1
peptide_pm_13,-0.65284,1
peptide_pm_14,-1.00308,1
peptide_pm_15,-0.88882,1
peptide_pm_16,0.25633,1
peptide_pm_17,0.21519,1
peptide_pm_18,0.94355,1
peptide_pm_19,0.73527,1
peptide_pm_20,-0.81359,1
peptide_pm_21,0.37193,1
peptide_pm_22,0.1439,1
peptide_pm_23,-0.57233,1
peptide_pm_24,2.90827,1
peptide_pm_25,-1.3724,1
peptide_pm_26,0.63325,1
peptide_pm_27,-0.51298,1
peptide_pm_28,-0.82028,1
peptide_pm_29,-0.06792,1
peptide_pm_30,0.9087,1
peptide_pm_31,1.03264,1
peptide_pm_32,-0.6216,1
peptide_pm_33,0.2187,1
peptide_pm_34,1.52478,1
peptide_pm_35,-0.11824,1
peptide_pm_36,0.87381,1
peptide_pm_37,0.27891,1
peptide_pm_38,1.19117,1
peptide_pm_39,-0.47913,1
peptide_pm_40,0.10287,1
peptide_pm_41,-0.23408,1
peptide_pm_42,-0.97485,1
peptide_pm_43,-1.12195,1
peptide_pm_44,-0.44997,1
peptide_pm_45,-0.88627,1
peptide_pm_46,-0.53312,1
peptide_pm_47,-0.62586,1
peptide_pm_48,-1.10481,1
peptide_pm_49,1.25336,1
peptide_pm_50,1.67512,1
peptide_pm_51,-0.85525,1
peptide_pm_52,0.6987,1
peptide_pm_53,-0.76487,1
peptide_pm_54,-0.42048,1
peptide_pm_55,2.4817,1
peptide_pm_56,-0.8516,1
peptide_pm_57,2.31311,1
peptide_pm_58,-0.90358,1
peptide_pm_59,0.48136,1
peptide_pm_60,1.02697,1
peptide_pm_61,-0.62642,1
peptide_pm_62,-0.06273,1
peptide_pm_63,-0.85365,1
peptide_pm_64,3.02612,1
peptide_pm_65,2.81985,1
peptide_pm_66,-0.75989,1
peptide_pm_67,1.50087,1
peptide_pm_68,1.10592,1
peptide_pm_69,-0.5585,1
peptide_pm_70,-1.22856,1
peptide_pm_71,-1.352,1
peptide_pm_72,0.34249,1
peptide_pm_73,1.07997,1
peptide_pm_74,-1.16039,1
peptide_pm_75,3.09111,1
peptide_pm_76,0.35249,1
peptide_pm_77,0.78217,1
peptide_pm_78,-0.23405,1
peptide_pm_79,0.14498,1
peptide_pm_80,0.03346,1
peptide_pm_81,1.09738,1
peptide_pm_82,0.58781,1
peptide_pm_83,-0.46668,1
peptide_pm_84,-0.74539,1
peptide_pm_85,0.21519,1
peptide_pm_86,0.09003,1
peptide_pm_87,1.36192,1
peptide_pm_88,-0.81716,1
peptide_pm_89,0.87705,1
peptide_pm_90,-0.49579,1
peptide_pm_91,0.1974,1
peptide_pm_92,0.56832,1
peptide_pm_93,1.1193,1
peptide_pm_94,-0.03229,1
peptide_pm_95,0.93018,1
peptide_pm_96,-0.75893,1
peptide_pm_97,-0.33771,1
peptide_pm_98,0.5669,1
peptide_pm_99,0.36895,1
peptide_pm_100,-0.53312,1
peptide_pm_101,0.12018,1
peptide_pm_102,3.1875,1
peptide_pm_103,-0.01073,1
peptide_pm_104,2.92647,1
peptide_pm_105,0.54669,1
peptide_pm_106,1.19789,1
peptide_pm_107,0.31531,1
peptide_pm_108,0.40126,1
peptide_pm_109,-0.67603,1
peptide_pm_110,-0.37906,1
peptide_pm_111,0.61575,1
peptide_pm_112,2.73552,1
peptide_pm_113,0.54975,1
peptide_pm_114,0.13753,1
peptide_pm_115,-0.06422,1
peptide_pm_116,1.95909,1
peptide_pm_117,0.84998,1
peptide_pm_118,-0.42712,1
peptide_pm_119,-1.09277,1
peptide_pm_120,-0.4422,1
peptide_pm_121,0.40546,1
peptide_pm_122,2.44445,1
peptide_pm_123,1.1466,1
peptide_pm_124,-1.35565,1
peptide_pm_125,-0.46616,1
peptide_pm_126,0.10273,1
peptide_pm_127,0.35953,1
peptide_pm_128,-0.91202,1
peptide_pm_129,-0.40899,1
peptide_pm_130,0.71636,1
peptide_pm_131,-0.15194,1
peptide_pm_132,2.93277,1
peptide_pm_133,0.37444,1
peptide_pm_134,-0.05959,1
peptide_pm_135,0.84094,1
peptide_pm_136,-0.24604,1
peptide_pm_137,1.50756,1
peptide_pm_138,0.21478,1
peptide_pm_139,1.67221,1
peptide_pm_140,2.99711,1
peptide_pm_141,0.73141,1
peptide_pm_142,1.12093,1
peptide_pm_143,0.05985,1
peptide_pm_144,1.78742,1
peptide_pm_145,-0.55698,1
peptide_pm_146,0.13868,1
peptide_pm_147,0.56832,1
peptide_pm_148,0.75256,1
peptide_pm_149,-0.35053,1
peptide_pm_150,2.53569,1
peptide_pm_151,1.02293,1
peptide_pm_152,0.60992,1
peptide_pm_153,1.02091,1
peptide_pm_154,-0.8248,1
peptide_pm_155,1.3074,1
peptide_pm_156,1.04888,1
peptide_pm_157,-0.98813,1
peptide_pm_158,1.58311,1
peptide_pm_159,0.97945,1
peptide_pm_160,-1.05199,1
peptide_pm_161,2.78516,1
peptide_pm_162,1.00019,1
peptide_pm_163,0.68466,1
peptide_pm_164,2.78797,1
peptide_pm_165,1.24881,1
peptide_pm_166,3.04745,1
peptide_pm_167,1.29496,1
peptide_pm_168,0.4789,1
peptide_pm_169,-0.28845,1
peptide_pm_170,1.63703,1
peptide_pm_171,0.12527,1
peptide_pm_172,2.66199,1
peptide_pm_173,-1.13202,1
peptide_pm_174,-0.63244,1
peptide_pm_175,0.33132,1
peptide_pm_176,-1.15084,1
peptide_pm_177,1.30315,1
peptide_pm_178,0.11275,1
peptide_pm_179,0.77128,1
peptide_pm_180,0.15573,1
peptide_pm_181,1.17635,1
peptide_pm_182,0.31966,1
peptide_pm_183,1.34749,1
peptide_pm_184,-0.61875,1
peptide_pm_185,1.70582,1
peptide_pm_186,0.65578,1
peptide_pm_187,1.86062,1
peptide_pm_188,0.09497,1
peptide_pm_189,1.55601,1
peptide_pm_190,-0.10186,1
peptide_pm_191,0.50641,1
peptide_pm_192,0.97999,1
peptide_pm_193,0.52723,1
peptide_pm_194,2.28126,1
peptide_pm_195,-0.03499,1
peptide_pm_196,0.18303,1
peptide_pm_197,2.93277,1
peptide_pm_198,1.29087,1
peptide_pm_199,0.55512,1
peptide_pm_200,-0.23946,1
peptide_pm_201,2.37482,1
peptide_pm_202,1.44909,1
peptide_pm_203,0.96326,1
peptide_pm_204,1.39564,1
peptide_pm_205,-0.54497,1
peptide_pm_206,-0.24984,1
peptide_pm_207,1.35032,1
peptide_pm_208,0.86099,1
peptide_pm_209,0.30288,1
peptide_pm_210,-0.16438,1
peptide_pm_211,-0.35163,1
peptide_pm_212,1.41433,1
peptide_pm_213,0.81844,1
peptide_pm_214,0.55037,1
peptide_pm_215,-0.59214,1
peptide_pm_216,1.00977,1
peptide_pm_217,-0.08724,1
peptide_pm_218,0.56359,1
peptide_pm_219,1.87832,1
peptide_pm_220,0.65975,1
peptide_pm_221,0.55968,1
peptide_pm_222,-0.73061,1
peptide_pm_223,-0.41992,1
peptide_pm_224,-1.36716,1
peptide_pm_225,-0.22214,1
peptide_pm_226,0.44446,1
peptide_pm_227,0.46997,1
peptide_pm_228,-1.22042,1
peptide_pm_229,0.15691,1
peptide_pm_230,-0.52203,1
peptide_pm_231,1.05705,1
peptide_pm_232,1.09419,1
peptide_pm_233,-0.69047,1
peptide_pm_234,2.2077,1
peptide_pm_235,2.07585,1
peptide_pm_236,-1.027,1
peptide_pm_237,-1.0423,1
peptide_pm_238,-0.62029,1
peptide_pm_239,0.90601,1
peptide_pm_240,-0.92185,1
peptide_pm_241,0.02733,1
peptide_pm_242,-0.72877,1
peptide_pm_243,0.38745,1
peptide_pm_244,1.43382,1
peptide_pm_245,-0.11787,1
peptide_pm_246,-0.35163,1
peptide_pm_247,0.87333,1
peptide_pm_248,-0.97923,1
peptide_pm_249,-0.26367,1
peptide_pm_250,2.99131,1
peptide_pm_251,-0.27548,1
peptide_pm_252,2.16124,1
peptide_pm_253,-0.5746,1
peptide_pm_254,-0.56454,1
peptide_pm_255,1.0672,1
peptide_pm_256,0.1439,1
peptide_pm_257,-0.80429,1
peptide_pm_258,-0.74122,1
peptide_pm_259,1.15511,1
peptide_pm_260,0.55291,1
peptide_pm_261,0.79424,1
peptide_pm_262,-0.68094,1
peptide_pm_263,1.05255,1
peptide_pm_264,2.0472,1
peptide_pm_265,-0.87474,1
peptide_pm_266,2.8099,1
peptide_pm_267,0.37101,1
peptide_pm_268,1.56125,1
peptide_pm_269,-0.82615,1
peptide_pm_270,1.56896,1
peptide_pm_271,-0.03855,1
peptide_pm_272,-0.61909,1
peptide_pm_273,1.7614,1
peptide_pm_274,0.95311,1
peptide_pm_275,-0.95287,1
peptide_pm_276,2.82699,1
peptide_pm_277,1.69112,1
peptide_pm_278,-1.43575,1
peptide_pm_279,0.40498,1
peptide_pm_280,0.06145,1
peptide_pm_281,-0.83789,1
peptide_pm_282,2.57926,1
peptide_pm_283,-0.30727,1
peptide_pm_284,2.75599,1
peptide_pm_285,-0.46686,1
peptide_pm_286,0.41996,1
peptide_pm_287,1.98375,1
peptide_pm_288,0.4326,1
peptide_pm_289,2.0271,1
peptide_pm_290,0.92462,1
peptide_pm_291,0.21519,1
peptide_pm_292,3.09857,1
peptide_pm_293,0.46977,1
peptide_pm_294,0.19855,1
peptide_pm_295,-0.44063,1
peptide_pm_296,0.60077,1
peptide_pm_297,0.01184,1
peptide_pm_298,2.62679,1
peptide_pm_299,1.96178,1
peptide_pm_300,1.0974,1
peptide_pm_301,3.00464,1
peptide_pm_302,0.58848,1
peptide_pm_303,0.98983,1
peptide_pm_304,-0.35441,1
peptide_pm_305,-0.37699,1
peptide_pm_306,-0.43503,1
peptide_pm_307,3.26623,1
peptide_pm_308,-1.17742,1
peptide_pm_309,0.72688,1
peptide_pm_310,1.62688,1
peptide_pm_311,1.04826,1
peptide_pm_312,2.96086,1
peptide_pm_313,1.05919,1
peptide_pm_314,1.17759,1
peptide_pm_315,1.48267,1
peptide_pm_316,0.94694,1
peptide_pm_317,0.89773,1
peptide_pm_318,-0.70925,1
peptide_pm_319,1.02293,1
peptide_pm_320,2.6466,1
peptide_pm_321,-0.27272,1
peptide_pm_322,-0.89677,1
peptide_pm_323,0.12139,1
peptide_pm_324,-0.1077,1
peptide_pm_325,0.91125,1
peptide_pm_326,0.09469,1
peptide_pm_327,0.81689,1
peptide_pm_328,0.54002,1
peptide_pm_329,0.62589,1
peptide_pm_330,2.52662,1
peptide_pm_331,1.21303,1
peptide_pm_332,2.31759,1
peptide_pm_333,0.67914,1
peptide_pm_334,-1.0155,1
peptide_pm_335,0.22804,1
peptide_pm_336,0.13868,1
peptide_pm_337,-0.48995,1
peptide_pm_338,-0.09511,1
peptide_pm_339,0.7953,1
peptide_pm_340,0.20009,1
peptide_pm_341,0.95311,1
peptide_pm_342,0.39044,1
peptide_pm_343,0.64717,1
peptide_pm_344,-0.55771,1
peptide_pm_345,1.23155,1
peptide_pm_346,2.63958,1
peptide_pm_347,0.95311,1
peptide_pm_348,-1.02889,1
peptide_pm_349,2.94739,1
peptide_pm_350,1.2978,1
peptide_pm_351,0.49875,1
peptide_pm_352,-0.48744,1
peptide_pm_353,0.60992,1
peptide_pm_354,1.22209,1
peptide_pm_355,3.09488,1
peptide_pm_356,0.35711,1
peptide_pm_357,0.33279,1
peptide_pm_358,-0.19366,1
peptide_pm_359,0.24334,1
peptide_pm_360,0.66738,1
peptide_pm_361,-0.83676,1
peptide_pm_362,-0.32187,1
peptide_pm_363,0.42888,1
peptide_pm_364,-0.86914,1
peptide_pm_365,0.64077,1
peptide_pm_366,-0.70133,1
peptide_pm_367,2.38436,1
peptide_pm_368,2.47717,1
peptide_pm_369,-1.23,1
peptide_pm_370,0.09334,1
peptide_pm_371,0.18563,1
peptide_pm_372,1.55941,1
peptide_pm_373,-1.28436,1
peptide_pm_374,0.047,1
peptide_pm_375,0.25729,1
peptide_pm_376,1.81495,1
peptide_pm_377,-0.08283,1
peptide_pm_378,1.45141,1
peptide_pm_379,0.32179,1
peptide_pm_380,0.15691,1
peptide_pm_381,-1.06902,1
peptide_pm_382,0.55135,1
peptide_pm_383,0.50596,1
peptide_pm_384,-0.41452,1
peptide_pm_385,2.07238,1
peptide_pm_386,0.33279,1
peptide_pm_387,1.06492,1
peptide_pm_388,1.43471,1
peptide_pm_389,0.77184,1
peptide_pm_390,1.11621,1
peptide_pm_391,-0.75011,1
peptide_pm_392,0.92999,1
peptide_pm_393,0.33279,1
peptide_pm_394,0.61575,1
peptide_pm_395,0.3155,1
peptide_pm_396,-0.37621,1
peptide_pm_397,1.34972,1
peptide_pm_398,-0.15618,1
peptide_pm_399,0.60992,1
peptide_pm_400,0.34872,1
peptide_pm_401,0.69209,1
peptide_pm_402,0.53346,1
peptide_pm_403,0.53529,1
peptide_pm_404,0.65464,1
peptide_pm_405,0.76302,1
peptide_pm_406,0.62953,1
peptide_pm_407,2.60838,1
peptide_pm_408,1.40194,1
peptide_pm_409,-0.70814,1
peptide_pm_410,0.36211,1
peptide_pm_411,2.18883,1
peptide_pm_412,3.13625,1
peptide_pm_413,1.6643,1
peptide_pm_414,0.28849,1
peptide_pm_415,-1.27322,1
peptide_pm_416,-0.3001,1
peptide_pm_417,-0.12148,1
peptide_pm_418,1.4485,1
peptide_pm_419,2.96518,1
peptide_pm_420,1.07552,1
peptide_pm_421,-0.22899,1
peptide_pm_422,0.39632,1
peptide_pm_423,1.09513,1
peptide_pm_424,-0.51405,1
peptide_pm_425,-1.09412,1
peptide_pm_426,-0.17999,1
peptide_pm_427,0.05985,1
peptide_pm_428,2.31735,1
peptide_pm_429,-0.78142,1
peptide_pm_430,2.0141,1
peptide_pm_431,-1.06302,1
peptide_pm_432,-1.22746,1
peptide_pm_433,0.33279,1
peptide_pm_434,-0.30697,1
peptide_pm_435,-0.07667,1
peptide_pm_436,2.97836,1
peptide_pm_437,0.05101,1
peptide_pm_438,0.7695,1
peptide_pm_439,1.26228,1
peptide_pm_440,0.99418,1
peptide_pm_441,-0.43656,1
peptide_pm_442,0.95311,1
