,Kytedoolittle,y
peptide_nm_1,-0.38261,0
peptide_nm_2,0.09736,0
peptide_nm_3,-0.65344,0
peptide_nm_4,-0.50122,0
peptide_nm_5,-0.51509,0
peptide_nm_6,-0.97813,0
peptide_nm_7,0.78296,0
peptide_nm_8,0.17517,0
peptide_nm_9,0.1472,0
peptide_nm_10,-1.35037,0
peptide_nm_11,-0.71982,0
peptide_nm_12,-1.14819,0
peptide_nm_13,-1.06554,0
peptide_nm_14,-0.07357,0
peptide_nm_15,-1.25125,0
peptide_nm_16,-0.06463,0
peptide_nm_17,-1.37763,0
peptide_nm_18,-0.7831,0
peptide_nm_19,-0.00745,0
peptide_nm_20,-0.82261,0
peptide_nm_21,-0.48022,0
peptide_nm_22,-0.59705,0
peptide_nm_23,-0.8399,0
peptide_nm_24,0.50329,0
peptide_nm_25,-0.69171,0
peptide_nm_26,-0.64935,0
peptide_nm_27,0.19053,0
peptide_nm_28,-0.09228,0
peptide_nm_29,-1.05176,0
peptide_nm_30,-1.16759,0
peptide_nm_31,-0.70662,0
peptide_nm_32,-0.98107,0
peptide_nm_33,0.00656,0
peptide_nm_34,0.51437,0
peptide_nm_35,-0.3311,0
peptide_nm_36,-0.02589,0
peptide_nm_37,-1.36443,0
peptide_nm_38,-0.90647,0
peptide_nm_39,0.66712,0
peptide_nm_40,-0.93944,0
peptide_nm_41,-0.40626,0
peptide_nm_43,-0.09288,0
peptide_nm_44,0.04954,0
peptide_nm_45,-0.79769,0
peptide_nm_46,-1.52065,0
peptide_nm_47,-1.1462,0
peptide_nm_48,0.38352,0
peptide_nm_49,-0.86046,0
peptide_nm_50,-1.24402,0
peptide_nm_51,-0.77558,0
peptide_nm_52,-0.4702,0
peptide_nm_53,-0.47376,0
peptide_nm_54,-0.52725,0
peptide_nm_55,-0.42408,0
peptide_nm_56,-1.32276,0
peptide_nm_57,-1.26765,0
peptide_nm_58,-1.31356,0
peptide_nm_59,0.04853,0
peptide_nm_60,-1.05094,0
peptide_nm_61,-0.12937,0
peptide_nm_62,-0.06412,0
peptide_nm_63,-0.8742,0
peptide_nm_64,-1.03,0
peptide_nm_65,0.01314,0
peptide_nm_66,-0.92083,0
peptide_nm_67,-0.86699,0
peptide_nm_68,-0.74482,0
peptide_nm_69,-1.17799,0
peptide_nm_70,-0.58615,0
peptide_nm_71,0.96513,0
peptide_nm_72,0.21025,0
peptide_nm_73,-1.24692,0
peptide_nm_74,-0.50451,0
peptide_nm_75,-0.91916,0
peptide_nm_76,-1.52911,0
peptide_nm_77,-0.89942,0
peptide_nm_78,0.2519,0
peptide_nm_79,-1.50272,0
peptide_nm_80,-0.27527,0
peptide_nm_81,-1.14089,0
peptide_nm_82,-1.16803,0
peptide_nm_83,-1.27863,0
peptide_nm_84,-0.75899,0
peptide_nm_85,-0.22901,0
peptide_nm_86,0.45163,0
peptide_nm_87,-1.28414,0
peptide_nm_88,0.86436,0
peptide_nm_89,-0.67206,0
peptide_nm_90,-0.98583,0
peptide_nm_91,-1.31789,0
peptide_nm_92,-0.04201,0
peptide_nm_93,-0.54951,0
peptide_nm_94,-1.17901,0
peptide_nm_95,-0.96416,0
peptide_nm_96,-0.24626,0
peptide_nm_97,0.73322,0
peptide_nm_98,0.2523,0
peptide_nm_99,1.40874,0
peptide_nm_100,-0.20424,0
peptide_nm_101,-0.49458,0
peptide_nm_102,-0.18224,0
peptide_nm_103,0.02133,0
peptide_nm_104,0.46705,0
peptide_nm_105,-1.27233,0
peptide_nm_106,0.63692,0
peptide_nm_107,-0.99705,0
peptide_nm_108,-0.56267,0
peptide_nm_109,-0.19486,0
peptide_nm_110,-0.91192,0
peptide_nm_111,-1.39217,0
peptide_nm_112,-0.28047,0
peptide_nm_113,-1.22469,0
peptide_nm_114,-0.41392,0
peptide_nm_115,-0.8449,0
peptide_nm_116,-0.48301,0
peptide_nm_117,-0.17751,0
peptide_nm_118,-0.95495,0
peptide_nm_119,0.10194,0
peptide_nm_120,0.42442,0
peptide_nm_121,-0.54308,0
peptide_nm_122,-0.278,0
peptide_nm_123,-0.84505,0
peptide_nm_124,-0.57233,0
peptide_nm_125,-0.56455,0
peptide_nm_126,-0.17813,0
peptide_nm_127,-0.51265,0
peptide_nm_128,-1.2243,0
peptide_nm_129,-1.33929,0
peptide_nm_130,-0.84222,0
peptide_nm_131,0.84154,0
peptide_nm_132,0.02398,0
peptide_nm_133,0.87964,0
peptide_nm_134,0.64171,0
peptide_nm_135,-0.3102,0
peptide_nm_136,0.25928,0
peptide_nm_137,-1.00571,0
peptide_nm_138,-0.10084,0
peptide_nm_139,-0.37552,0
peptide_nm_140,-0.5677,0
peptide_nm_141,-1.52742,0
peptide_nm_142,0.10347,0
peptide_nm_143,-1.2388,0
peptide_nm_144,-0.85911,0
peptide_nm_145,-0.69453,0
peptide_nm_146,-0.0176,0
peptide_nm_147,0.33305,0
peptide_nm_148,-0.81286,0
peptide_nm_149,-0.64732,0
peptide_nm_150,-0.81371,0
peptide_nm_151,0.37737,0
peptide_nm_152,-1.17566,0
peptide_nm_153,-0.89085,0
peptide_nm_154,-1.07753,0
peptide_nm_155,-0.51418,0
peptide_nm_156,-0.68602,0
peptide_nm_157,-0.0727,0
peptide_nm_158,0.12214,0
peptide_nm_159,-0.5404,0
peptide_nm_160,-0.44111,0
peptide_nm_161,-0.58176,0
peptide_nm_162,-0.66183,0
peptide_nm_163,-0.09355,0
peptide_nm_164,-0.09284,0
peptide_nm_165,0.47161,0
peptide_nm_166,-0.45669,0
peptide_nm_167,-0.44355,0
peptide_nm_168,-1.10545,0
peptide_nm_169,-0.99683,0
peptide_nm_170,-0.98185,0
peptide_nm_171,-0.89788,0
peptide_nm_172,0.16081,0
peptide_nm_173,0.10465,0
peptide_nm_174,-0.10845,0
peptide_nm_175,0.22481,0
peptide_nm_176,-0.70586,0
peptide_nm_177,-1.07522,0
peptide_nm_178,0.09998,0
peptide_nm_179,-0.09643,0
peptide_nm_180,-0.1588,0
peptide_nm_181,-0.59155,0
peptide_nm_182,-0.89144,0
peptide_nm_183,0.00298,0
peptide_nm_184,-0.54195,0
peptide_nm_185,-0.82223,0
peptide_nm_186,-1.2766,0
peptide_nm_187,0.80025,0
peptide_nm_188,-0.43354,0
peptide_nm_189,-0.95696,0
peptide_nm_190,0.28503,0
peptide_nm_191,-1.03114,0
peptide_nm_192,-0.12645,0
peptide_nm_193,0.64191,0
peptide_nm_194,-0.21617,0
peptide_nm_195,0.49433,0
peptide_nm_196,-0.2997,0
peptide_nm_197,-0.74806,0
peptide_nm_198,0.27064,0
peptide_nm_199,0.34419,0
peptide_nm_200,0.40267,0
peptide_nm_201,-0.74981,0
peptide_nm_202,0.09842,0
peptide_nm_203,-0.89387,0
peptide_nm_204,-1.14907,0
peptide_nm_205,-1.5946,0
peptide_nm_206,-0.01315,0
peptide_nm_207,-1.06192,0
peptide_nm_208,0.18296,0
peptide_nm_209,-1.10414,0
peptide_nm_210,-0.81324,0
peptide_nm_211,-0.90926,0
peptide_nm_212,0.11097,0
peptide_nm_213,-1.55352,0
peptide_nm_214,-0.15426,0
peptide_nm_215,-0.46085,0
peptide_nm_216,-0.04077,0
peptide_nm_217,-0.978,0
peptide_nm_218,-0.79237,0
peptide_nm_219,-0.18818,0
peptide_nm_220,0.56056,0
peptide_nm_221,-0.41521,0
peptide_nm_222,-0.30372,0
peptide_nm_223,-0.03738,0
peptide_nm_224,-1.31858,0
peptide_nm_225,-0.75282,0
peptide_nm_226,-0.95809,0
peptide_nm_227,-0.18817,0
peptide_nm_228,0.40761,0
peptide_nm_229,0.74347,0
peptide_nm_230,-1.13413,0
peptide_nm_231,0.85615,0
peptide_nm_232,-0.98889,0
peptide_nm_233,0.10385,0
peptide_nm_234,-0.88951,0
peptide_nm_235,0.38059,0
peptide_nm_236,-0.65873,0
peptide_nm_237,0.37849,0
peptide_nm_238,-0.73109,0
peptide_nm_239,-0.1338,0
peptide_nm_240,-1.26249,0
peptide_nm_241,-0.16599,0
peptide_nm_242,-0.41988,0
peptide_nm_243,-1.37957,0
peptide_nm_244,-0.17319,0
peptide_nm_245,-0.58955,0
peptide_nm_246,-0.66658,0
peptide_nm_247,0.14113,0
peptide_nm_248,0.41466,0
peptide_nm_249,-0.16717,0
peptide_nm_250,-0.8928,0
peptide_nm_251,-0.83915,0
peptide_nm_252,-0.55145,0
peptide_nm_253,0.40632,0
peptide_nm_254,-1.48251,0
peptide_nm_255,-0.80807,0
peptide_nm_256,-1.38992,0
peptide_nm_257,-0.2584,0
peptide_nm_258,0.06432,0
peptide_nm_259,-0.34229,0
peptide_nm_260,-1.32653,0
peptide_nm_261,-1.03655,0
peptide_nm_262,-0.98215,0
peptide_nm_263,-1.46279,0
peptide_nm_264,-0.65275,0
peptide_nm_265,-0.6973,0
peptide_nm_266,0.22413,0
peptide_nm_267,-0.56463,0
peptide_nm_268,-0.64689,0
peptide_nm_269,-1.2083,0
peptide_nm_270,0.65305,0
peptide_nm_271,-0.16513,0
peptide_nm_272,-0.61367,0
peptide_nm_273,-0.9763,0
peptide_nm_274,-0.11881,0
peptide_nm_275,0.40967,0
peptide_nm_276,-1.06948,0
peptide_nm_277,-0.60745,0
peptide_nm_278,-1.28803,0
peptide_nm_279,-1.20308,0
peptide_nm_280,-0.0589,0
peptide_nm_281,0.04679,0
peptide_nm_282,-1.18924,0
peptide_nm_283,-0.91417,0
peptide_nm_284,-0.55022,0
peptide_nm_285,-0.6441,0
peptide_nm_286,-0.30955,0
peptide_nm_287,-0.38101,0
peptide_nm_288,-0.52258,0
peptide_nm_289,0.73561,0
peptide_nm_290,0.49407,0
peptide_nm_291,-0.51887,0
peptide_nm_292,-1.45528,0
peptide_nm_293,0.07386,0
peptide_nm_294,-0.14839,0
peptide_nm_295,-1.21974,0
peptide_nm_296,-0.47739,0
peptide_nm_297,-0.15153,0
peptide_nm_298,-0.23298,0
peptide_nm_299,-0.39162,0
peptide_nm_300,-1.41413,0
peptide_nm_301,0.5556,0
peptide_nm_302,-0.59136,0
peptide_nm_303,-0.468,0
peptide_nm_304,-0.93087,0
peptide_nm_305,-0.03346,0
peptide_nm_306,-0.92993,0
peptide_nm_307,-0.73908,0
peptide_nm_308,0.30344,0
peptide_nm_309,-0.10015,0
peptide_nm_310,0.17305,0
peptide_nm_311,-1.23762,0
peptide_nm_312,-1.24319,0
peptide_nm_313,-0.46952,0
peptide_nm_314,-1.12541,0
peptide_nm_315,-1.24507,0
peptide_nm_316,-0.88043,0
peptide_nm_317,0.19029,0
peptide_nm_318,-0.09089,0
peptide_nm_319,-0.79978,0
peptide_nm_320,-1.33595,0
peptide_nm_321,-0.31714,0
peptide_nm_322,0.79502,0
peptide_nm_323,-0.57646,0
peptide_nm_324,-0.62173,0
peptide_nm_325,-1.21833,0
peptide_nm_326,-0.46319,0
peptide_nm_327,-0.47096,0
peptide_nm_328,0.09811,0
peptide_nm_329,-1.46798,0
peptide_nm_330,-0.30381,0
peptide_nm_331,0.19079,0
peptide_nm_332,-1.34747,0
peptide_nm_333,-1.16787,0
peptide_nm_334,-0.50665,0
peptide_nm_335,0.16534,0
peptide_nm_336,0.03173,0
peptide_nm_337,0.05031,0
peptide_nm_338,-0.36028,0
peptide_nm_339,-0.62529,0
peptide_nm_340,-0.02701,0
peptide_nm_341,-0.99134,0
peptide_nm_342,-0.79049,0
peptide_nm_343,0.3002,0
peptide_nm_344,-0.0127,0
peptide_nm_345,-0.74425,0
peptide_nm_346,-0.25755,0
peptide_nm_347,0.46652,0
peptide_nm_348,-0.69915,0
peptide_nm_349,-0.34537,0
peptide_nm_350,-0.82647,0
peptide_nm_351,-1.08845,0
peptide_nm_352,-0.96641,0
peptide_nm_353,-0.94081,0
peptide_nm_354,-0.12227,0
peptide_nm_355,-0.56074,0
peptide_nm_356,-0.5746,0
peptide_nm_357,-1.04519,0
peptide_nm_358,-0.42564,0
peptide_nm_359,-0.52404,0
peptide_nm_360,-0.33336,0
peptide_nm_361,-0.40823,0
peptide_nm_362,-0.21364,0
peptide_nm_363,0.30574,0
peptide_nm_364,-0.29346,0
peptide_nm_365,-0.31685,0
peptide_nm_366,-0.3579,0
peptide_nm_367,0.13829,0
peptide_nm_368,-0.44319,0
peptide_nm_369,0.33072,0
peptide_nm_370,-0.92012,0
peptide_nm_371,-0.74719,0
peptide_nm_372,-0.62428,0
peptide_nm_373,-1.09259,0
peptide_nm_374,-0.78678,0
peptide_nm_375,-0.38278,0
peptide_nm_376,-0.77527,0
peptide_nm_377,-0.08486,0
peptide_nm_378,-0.74359,0
peptide_nm_379,0.82944,0
peptide_nm_380,-0.38234,0
peptide_nm_381,0.50352,0
peptide_nm_382,-0.8789,0
peptide_nm_383,0.11168,0
peptide_nm_384,0.54901,0
peptide_nm_385,-1.46158,0
peptide_nm_386,-1.3885,0
peptide_nm_387,-0.01425,0
peptide_nm_388,-1.22524,0
peptide_nm_389,-1.06221,0
peptide_nm_390,1.2038,0
peptide_nm_391,-0.60628,0
peptide_nm_392,-0.79667,0
peptide_nm_393,-0.17605,0
peptide_nm_394,0.11913,0
peptide_nm_395,-0.63004,0
peptide_nm_396,0.5424,0
peptide_nm_397,-0.32467,0
peptide_nm_398,0.3836,0
peptide_nm_399,-0.75737,0
peptide_nm_400,-0.36714,0
peptide_nm_401,-1.45661,0
peptide_nm_402,-0.10274,0
peptide_nm_403,-0.84081,0
peptide_nm_404,-0.49623,0
peptide_nm_405,-0.80685,0
peptide_nm_406,-0.16635,0
peptide_nm_407,0.00284,0
peptide_nm_408,-0.80255,0
peptide_nm_409,-0.79437,0
peptide_nm_410,-1.37126,0
peptide_nm_411,-0.49875,0
peptide_nm_412,-0.01603,0
peptide_nm_413,-0.6481,0
peptide_nm_414,-0.70129,0
peptide_nm_415,-0.07147,0
peptide_nm_416,-0.14667,0
peptide_nm_417,-0.1829,0
peptide_nm_418,0.61967,0
peptide_nm_419,0.09095,0
peptide_nm_420,-0.52098,0
peptide_nm_421,-1.03139,0
peptide_nm_422,-1.20644,0
peptide_nm_423,-1.33423,0
peptide_nm_424,-1.29875,0
peptide_nm_425,-0.93682,0
peptide_nm_426,-1.05893,0
peptide_nm_427,-1.05974,0
peptide_nm_428,-0.79038,0
peptide_nm_429,0.62996,0
peptide_nm_430,-1.47816,0
peptide_nm_431,-0.95531,0
peptide_nm_432,-0.96498,0
peptide_nm_433,0.01144,0
peptide_nm_434,-1.19227,0
peptide_nm_435,-0.84338,0
peptide_nm_436,-0.87444,0
peptide_nm_437,0.66162,0
peptide_nm_438,0.68231,0
peptide_nm_439,-1.38652,0
peptide_nm_440,-1.10912,0
peptide_nm_441,-1.10763,0
peptide_nm_442,0.08221,0
peptide_pm_1,0.7534,1
peptide_pm_2,0.5869,1
peptide_pm_3,1.14888,1
peptide_pm_4,1.30041,1
peptide_pm_5,-1.47444,1
peptide_pm_6,0.91859,1
peptide_pm_7,-0.18799,1
peptide_pm_8,-0.28317,1
peptide_pm_9,1.86609,1
peptide_pm_10,-1.41466,1
peptide_pm_11,1.30513,1
peptide_pm_12,0.46124,1
peptide_pm_13,-0.73602,1
peptide_pm_14,-1.27002,1
peptide_pm_15,-0.11688,1
peptide_pm_16,0.02696,1
peptide_pm_17,1.14075,1
peptide_pm_18,0.21626,1
peptide_pm_19,0.22062,1
peptide_pm_20,-1.22597,1
peptide_pm_21,0.4514,1
peptide_pm_22,0.09025,1
peptide_pm_23,-0.79754,1
peptide_pm_24,2.29089,1
peptide_pm_25,-0.80066,1
peptide_pm_26,0.07975,1
peptide_pm_27,-0.69176,1
peptide_pm_28,-1.18024,1
peptide_pm_29,1.15265,1
peptide_pm_30,0.88844,1
peptide_pm_31,0.94192,1
peptide_pm_32,0.12581,1
peptide_pm_33,0.32476,1
peptide_pm_34,1.65156,1
peptide_pm_35,0.93479,1
peptide_pm_36,0.59582,1
peptide_pm_37,0.61428,1
peptide_pm_38,1.85046,1
peptide_pm_39,-0.91138,1
peptide_pm_40,-0.69984,1
peptide_pm_41,-0.39992,1
peptide_pm_42,-1.05165,1
peptide_pm_43,-1.22716,1
peptide_pm_44,-0.41895,1
peptide_pm_45,-1.44248,1
peptide_pm_46,-0.58511,1
peptide_pm_47,-1.04305,1
peptide_pm_48,-1.16081,1
peptide_pm_49,1.18896,1
peptide_pm_50,1.32981,1
peptide_pm_51,-0.44893,1
peptide_pm_52,-0.03702,1
peptide_pm_53,-0.28112,1
peptide_pm_54,-0.76085,1
peptide_pm_55,1.1213,1
peptide_pm_56,-1.33706,1
peptide_pm_57,1.77184,1
peptide_pm_58,-1.39477,1
peptide_pm_59,1.34219,1
peptide_pm_60,1.48838,1
peptide_pm_61,-0.83235,1
peptide_pm_62,-0.40494,1
peptide_pm_63,-1.01473,1
peptide_pm_64,2.50402,1
peptide_pm_65,1.77517,1
peptide_pm_66,-0.98523,1
peptide_pm_67,1.82517,1
peptide_pm_68,1.5878,1
peptide_pm_69,0.14514,1
peptide_pm_70,-1.37052,1
peptide_pm_71,-1.4654,1
peptide_pm_72,0.52219,1
peptide_pm_73,1.22922,1
peptide_pm_74,-0.9708,1
peptide_pm_75,2.28928,1
peptide_pm_76,0.70304,1
peptide_pm_77,0.92421,1
peptide_pm_78,-0.06793,1
peptide_pm_79,-0.25588,1
peptide_pm_80,-0.18486,1
peptide_pm_81,0.94742,1
peptide_pm_82,1.38656,1
peptide_pm_83,-0.57183,1
peptide_pm_84,-1.03912,1
peptide_pm_85,0.85211,1
peptide_pm_86,-0.79627,1
peptide_pm_87,2.18901,1
peptide_pm_88,-0.95252,1
peptide_pm_89,1.81193,1
peptide_pm_90,-0.071,1
peptide_pm_91,0.16125,1
peptide_pm_92,0.27805,1
peptide_pm_93,0.27978,1
peptide_pm_94,0.92816,1
peptide_pm_95,1.84764,1
peptide_pm_96,-0.88577,1
peptide_pm_97,-0.39189,1
peptide_pm_98,0.52968,1
peptide_pm_99,-0.21291,1
peptide_pm_100,-0.7291,1
peptide_pm_101,-0.154,1
peptide_pm_102,2.56928,1
peptide_pm_103,0.20582,1
peptide_pm_104,1.92531,1
peptide_pm_105,1.50704,1
peptide_pm_106,1.01155,1
peptide_pm_107,0.79994,1
peptide_pm_108,0.57458,1
peptide_pm_109,-0.73184,1
peptide_pm_110,-0.3664,1
peptide_pm_111,1.15879,1
peptide_pm_112,1.94242,1
peptide_pm_113,0.77229,1
peptide_pm_114,0.70115,1
peptide_pm_115,-0.78014,1
peptide_pm_116,1.90886,1
peptide_pm_117,0.95206,1
peptide_pm_118,-0.41434,1
peptide_pm_119,-1.18616,1
peptide_pm_120,-1.27999,1
peptide_pm_121,1.273,1
peptide_pm_122,1.79967,1
peptide_pm_123,0.42234,1
peptide_pm_124,-1.10975,1
peptide_pm_125,-1.25348,1
peptide_pm_126,-0.23043,1
peptide_pm_127,0.31941,1
peptide_pm_128,-1.03427,1
peptide_pm_129,-0.64207,1
peptide_pm_130,1.04518,1
peptide_pm_131,-0.37267,1
peptide_pm_132,2.26234,1
peptide_pm_133,0.46236,1
peptide_pm_134,0.26267,1
peptide_pm_135,1.8351,1
peptide_pm_136,1.11,1
peptide_pm_137,1.37315,1
peptide_pm_138,-0.17007,1
peptide_pm_139,1.52014,1
peptide_pm_140,2.30065,1
peptide_pm_141,0.79593,1
peptide_pm_142,1.99779,1
peptide_pm_143,-0.02828,1
peptide_pm_144,2.15674,1
peptide_pm_145,-0.10283,1
peptide_pm_146,-0.68958,1
peptide_pm_147,0.27805,1
peptide_pm_148,0.34465,1
peptide_pm_149,-0.55637,1
peptide_pm_150,1.74823,1
peptide_pm_151,1.27849,1
peptide_pm_152,1.61928,1
peptide_pm_153,0.65063,1
peptide_pm_154,-1.4018,1
peptide_pm_155,1.47656,1
peptide_pm_156,1.77457,1
peptide_pm_157,-0.51978,1
peptide_pm_158,0.15146,1
peptide_pm_159,0.56802,1
peptide_pm_160,-1.07353,1
peptide_pm_161,1.90381,1
peptide_pm_162,1.20348,1
peptide_pm_163,0.94855,1
peptide_pm_164,1.57049,1
peptide_pm_165,1.75093,1
peptide_pm_166,2.06556,1
peptide_pm_167,0.40175,1
peptide_pm_168,2.03566,1
peptide_pm_169,0.21539,1
peptide_pm_170,1.26325,1
peptide_pm_171,0.87268,1
peptide_pm_172,2.23397,1
peptide_pm_173,-0.63601,1
peptide_pm_174,-0.76222,1
peptide_pm_175,-0.28774,1
peptide_pm_176,-1.52423,1
peptide_pm_177,0.45922,1
peptide_pm_178,0.79989,1
peptide_pm_179,1.43359,1
peptide_pm_180,1.59481,1
peptide_pm_181,0.29069,1
peptide_pm_182,0.95358,1
peptide_pm_183,1.51373,1
peptide_pm_184,-0.98722,1
peptide_pm_185,1.43054,1
peptide_pm_186,1.48858,1
peptide_pm_187,1.74943,1
peptide_pm_188,-0.24586,1
peptide_pm_189,1.88071,1
peptide_pm_190,-0.55797,1
peptide_pm_191,1.37509,1
peptide_pm_192,0.46686,1
peptide_pm_193,-0.20118,1
peptide_pm_194,0.89934,1
peptide_pm_195,0.06217,1
peptide_pm_196,0.2702,1
peptide_pm_197,2.26079,1
peptide_pm_198,0.97196,1
peptide_pm_199,1.42671,1
peptide_pm_200,0.24153,1
peptide_pm_201,0.96993,1
peptide_pm_202,1.95945,1
peptide_pm_203,0.6532,1
peptide_pm_204,1.44807,1
peptide_pm_205,-0.02273,1
peptide_pm_206,-0.43668,1
peptide_pm_207,1.79583,1
peptide_pm_208,1.44847,1
peptide_pm_209,0.17795,1
peptide_pm_210,-0.88327,1
peptide_pm_211,-0.48175,1
peptide_pm_212,1.80014,1
peptide_pm_213,0.10016,1
peptide_pm_214,0.87065,1
peptide_pm_215,-0.17858,1
peptide_pm_216,1.08839,1
peptide_pm_217,0.58228,1
peptide_pm_218,1.55954,1
peptide_pm_219,1.65517,1
peptide_pm_220,0.34607,1
peptide_pm_221,0.17107,1
peptide_pm_222,-1.39513,1
peptide_pm_223,-0.5503,1
peptide_pm_224,-1.03433,1
peptide_pm_225,0.65678,1
peptide_pm_226,1.19796,1
peptide_pm_227,0.85502,1
peptide_pm_228,-0.84709,1
peptide_pm_229,0.0121,1
peptide_pm_230,-0.94264,1
peptide_pm_231,1.11059,1
peptide_pm_232,1.0535,1
peptide_pm_233,-0.8963,1
peptide_pm_234,1.36531,1
peptide_pm_235,1.20514,1
peptide_pm_236,-1.09776,1
peptide_pm_237,-1.17313,1
peptide_pm_238,-0.8816,1
peptide_pm_239,0.63892,1
peptide_pm_240,0.10699,1
peptide_pm_241,0.11858,1
peptide_pm_242,-0.09056,1
peptide_pm_243,-0.48911,1
peptide_pm_244,0.64092,1
peptide_pm_245,0.61609,1
peptide_pm_246,-0.57448,1
peptide_pm_247,1.73043,1
peptide_pm_248,-0.94053,1
peptide_pm_249,0.49543,1
peptide_pm_250,2.12631,1
peptide_pm_251,-0.38859,1
peptide_pm_252,1.98238,1
peptide_pm_253,-1.00472,1
peptide_pm_254,-0.92879,1
peptide_pm_255,0.35784,1
peptide_pm_256,0.19818,1
peptide_pm_257,-1.35676,1
peptide_pm_258,-0.08492,1
peptide_pm_259,0.58341,1
peptide_pm_260,0.70458,1
peptide_pm_261,0.52755,1
peptide_pm_262,-1.18109,1
peptide_pm_263,1.82006,1
peptide_pm_264,1.5192,1
peptide_pm_265,-1.1194,1
peptide_pm_266,1.79486,1
peptide_pm_267,0.21905,1
peptide_pm_268,2.11092,1
peptide_pm_269,-1.26459,1
peptide_pm_270,1.77703,1
peptide_pm_271,0.36491,1
peptide_pm_272,-0.41232,1
peptide_pm_273,0.77062,1
peptide_pm_274,1.85257,1
peptide_pm_275,-1.08431,1
peptide_pm_276,2.3277,1
peptide_pm_277,1.9802,1
peptide_pm_278,-1.59994,1
peptide_pm_279,0.46898,1
peptide_pm_280,1.29739,1
peptide_pm_281,-1.02853,1
peptide_pm_282,1.83291,1
peptide_pm_283,-0.89288,1
peptide_pm_284,1.9488,1
peptide_pm_285,-0.72121,1
peptide_pm_286,-0.28168,1
peptide_pm_287,1.11402,1
peptide_pm_288,1.20007,1
peptide_pm_289,0.88113,1
peptide_pm_290,0.96771,1
peptide_pm_291,1.18453,1
peptide_pm_292,2.42738,1
peptide_pm_293,1.40598,1
peptide_pm_294,-0.27552,1
peptide_pm_295,-0.65123,1
peptide_pm_296,0.78084,1
peptide_pm_297,0.27413,1
peptide_pm_298,2.02509,1
peptide_pm_299,1.44194,1
peptide_pm_300,2.09416,1
peptide_pm_301,2.28246,1
peptide_pm_302,0.01986,1
peptide_pm_303,0.91913,1
peptide_pm_304,-0.44642,1
peptide_pm_305,0.32091,1
peptide_pm_306,-0.93583,1
peptide_pm_307,2.44604,1
peptide_pm_308,-1.14475,1
peptide_pm_309,1.36458,1
peptide_pm_310,1.92236,1
peptide_pm_311,1.17873,1
peptide_pm_312,2.33222,1
peptide_pm_313,0.75857,1
peptide_pm_314,1.12843,1
peptide_pm_315,1.40948,1
peptide_pm_316,1.06474,1
peptide_pm_317,-0.39834,1
peptide_pm_318,-0.32434,1
peptide_pm_319,1.23366,1
peptide_pm_320,1.79274,1
peptide_pm_321,-0.88069,1
peptide_pm_322,-1.43019,1
peptide_pm_323,0.47412,1
peptide_pm_324,-0.27924,1
peptide_pm_325,1.17827,1
peptide_pm_326,0.60349,1
peptide_pm_327,1.66888,1
peptide_pm_328,1.56652,1
peptide_pm_329,0.79043,1
peptide_pm_330,1.82981,1
peptide_pm_331,1.18407,1
peptide_pm_332,2.3662,1
peptide_pm_333,0.64988,1
peptide_pm_334,-1.13163,1
peptide_pm_335,0.10719,1
peptide_pm_336,-0.68958,1
peptide_pm_337,-0.9436,1
peptide_pm_338,-0.26232,1
peptide_pm_339,1.71172,1
peptide_pm_340,0.34611,1
peptide_pm_341,1.86819,1
peptide_pm_342,-0.03502,1
peptide_pm_343,1.4209,1
peptide_pm_344,-0.82386,1
peptide_pm_345,1.82181,1
peptide_pm_346,2.82624,1
peptide_pm_347,1.75433,1
peptide_pm_348,-0.76531,1
peptide_pm_349,2.47141,1
peptide_pm_350,2.01598,1
peptide_pm_351,0.60223,1
peptide_pm_352,-0.91114,1
peptide_pm_353,1.66749,1
peptide_pm_354,0.98475,1
peptide_pm_355,2.37664,1
peptide_pm_356,-0.21291,1
peptide_pm_357,0.05316,1
peptide_pm_358,0.42601,1
peptide_pm_359,0.30624,1
peptide_pm_360,0.44351,1
peptide_pm_361,-1.26754,1
peptide_pm_362,-0.41969,1
peptide_pm_363,-0.00691,1
peptide_pm_364,-0.95474,1
peptide_pm_365,1.37682,1
peptide_pm_366,-0.91438,1
peptide_pm_367,1.63356,1
peptide_pm_368,1.619,1
peptide_pm_369,-1.15462,1
peptide_pm_370,0.13483,1
peptide_pm_371,-0.34266,1
peptide_pm_372,1.41544,1
peptide_pm_373,-0.98069,1
peptide_pm_374,-0.37189,1
peptide_pm_375,-0.40915,1
peptide_pm_376,0.31783,1
peptide_pm_377,1.04339,1
peptide_pm_378,1.24226,1
peptide_pm_379,-0.28774,1
peptide_pm_380,0.05005,1
peptide_pm_381,-1.07172,1
peptide_pm_382,1.31481,1
peptide_pm_383,0.74044,1
peptide_pm_384,-0.94935,1
peptide_pm_385,2.37344,1
peptide_pm_386,-0.02129,1
peptide_pm_387,1.70991,1
peptide_pm_388,1.66786,1
peptide_pm_389,1.17145,1
peptide_pm_390,1.76235,1
peptide_pm_391,-0.9973,1
peptide_pm_392,1.47114,1
peptide_pm_393,0.00086,1
peptide_pm_394,1.19978,1
peptide_pm_395,-0.28963,1
peptide_pm_396,-0.74972,1
peptide_pm_397,0.46772,1
peptide_pm_398,-0.39484,1
peptide_pm_399,1.5423,1
peptide_pm_400,-0.15017,1
peptide_pm_401,0.28329,1
peptide_pm_402,0.58594,1
peptide_pm_403,1.43135,1
peptide_pm_404,1.42567,1
peptide_pm_405,1.07399,1
peptide_pm_406,1.71047,1
peptide_pm_407,2.10174,1
peptide_pm_408,0.62309,1
peptide_pm_409,-1.07916,1
peptide_pm_410,0.92385,1
peptide_pm_411,2.26324,1
peptide_pm_412,2.46607,1
peptide_pm_413,0.88472,1
peptide_pm_414,0.53673,1
peptide_pm_415,-0.87672,1
peptide_pm_416,-0.61407,1
peptide_pm_417,-0.04297,1
peptide_pm_418,0.60487,1
peptide_pm_419,2.27493,1
peptide_pm_420,1.65694,1
peptide_pm_421,-0.60215,1
peptide_pm_422,-0.51435,1
peptide_pm_423,1.69759,1
peptide_pm_424,-1.31665,1
peptide_pm_425,-1.31904,1
peptide_pm_426,0.67313,1
peptide_pm_427,-0.35368,1
peptide_pm_428,2.97033,1
peptide_pm_429,-0.96644,1
peptide_pm_430,0.94695,1
peptide_pm_431,-0.79034,1
peptide_pm_432,-1.50419,1
peptide_pm_433,-0.08935,1
peptide_pm_434,0.61003,1
peptide_pm_435,1.02421,1
peptide_pm_436,1.43529,1
peptide_pm_437,0.47492,1
peptide_pm_438,0.40132,1
peptide_pm_439,1.09486,1
peptide_pm_440,0.72374,1
peptide_pm_441,-0.99898,1
peptide_pm_442,1.77706,1
